Date,Symbol,Open,High,Low,Close,Volume ETH,Volume TUSD,tradecount
9/29/2022,ETHTUSD,1337.31,1351.07,1332.15,1336.59,92.3684,123652.437,136
9/28/2022,ETHTUSD,1333.54,1355,1255.8,1336,311.8266,406513.2724,855
9/27/2022,ETHTUSD,1333.43,1401.42,1293.58,1327.29,138.0829,188673.8355,428
9/26/2022,ETHTUSD,1294.24,1339.38,1280,1336.5,282.6751,370499.0268,979
9/25/2022,ETHTUSD,1317.34,1335.92,1272.09,1292.26,180.904,236658.957,1765
9/24/2022,ETHTUSD,1329.05,1347.79,1307.62,1317.65,116.1021,154048.652,1433
9/23/2022,ETHTUSD,1326.76,1356.62,1264.4,1327.81,203.523,266779.4042,1955
9/22/2022,ETHTUSD,1246.76,1346.65,1237.51,1327.19,117.8845,150563.6956,1502
9/21/2022,ETHTUSD,1323.23,1414.49,1222,1250.66,223.2038,297304.3983,2039
9/20/2022,ETHTUSD,1375.21,1384.58,1310,1323.23,168.4292,227676.9626,1733
9/19/2022,ETHTUSD,1333.14,1403.54,1267.37,1377.64,163.5175,215716.7038,1639
9/18/2022,ETHTUSD,1468.56,1468.56,1320.01,1335.82,151.5553,215103.5212,1289
9/17/2022,ETHTUSD,1433.19,1475.56,1409.9,1470.18,143.4759,205716.0075,1081
9/16/2022,ETHTUSD,1472.9,1482.02,1409.9,1430.83,133.5446,194889.0992,1739
9/15/2022,ETHTUSD,1633.81,1654.62,1460.28,1468.64,506.198,804808.8884,2156
9/14/2022,ETHTUSD,1572.09,1645.58,1557.85,1634.54,227.5805,363240.115,1262
9/13/2022,ETHTUSD,1716.93,1756.65,1562.24,1573.46,203.1892,331635.904,1524
9/12/2022,ETHTUSD,1762.41,1782.06,1694.16,1716.94,470.9443,823981.6938,1321
9/11/2022,ETHTUSD,1776.06,1788.37,1720.63,1763.58,69.8803,123362.3954,832
9/10/2022,ETHTUSD,1718.15,1790.14,1695.29,1777.91,75.1761,130110.7114,888
9/9/2022,ETHTUSD,1634.9,1743.63,1631.37,1719.79,330.0117,562765.0633,1339
9/8/2022,ETHTUSD,1630.3,1661.18,1595.24,1635.11,155.8458,254147.1278,1557
9/7/2022,ETHTUSD,1564.8,1675.65,1490.06,1629.75,112.7927,174227.826,967
9/6/2022,ETHTUSD,1617.66,1683.01,1545.79,1557.96,143.5507,230165.1676,1270
9/5/2022,ETHTUSD,1579.79,1628.2,1556.21,1615.14,54.4608,86463.70264,584
9/4/2022,ETHTUSD,1555.54,1581.07,1531.75,1577.32,15.1741,23689.47101,431
9/3/2022,ETHTUSD,1574.5,1580.91,1535.13,1552.56,57.8055,89788.07914,530
9/2/2022,ETHTUSD,1583.04,1647.72,1545.91,1576.7,42.6148,67835.09666,804
9/1/2022,ETHTUSD,1551.27,1596.33,1502.36,1585.31,60.0703,93187.06885,1033
8/31/2022,ETHTUSD,1527.8,1619.55,1519.5,1550.57,54.9652,86790.88803,1219
8/30/2022,ETHTUSD,1544.48,1604.18,1476.76,1523.45,156.0485,241656.2129,1462
8/29/2022,ETHTUSD,1428.41,1557.75,1424.07,1553.81,112.0572,170127.5261,1039
8/28/2022,ETHTUSD,1486.38,1510.21,1426.49,1427.44,57.868,85842.88161,394
8/27/2022,ETHTUSD,1507.89,1518.46,1449.48,1487.22,137.5727,204083.9938,764
8/26/2022,ETHTUSD,1693.5,1710.65,1492.82,1510.28,138.4327,222061.5079,1182
8/25/2022,ETHTUSD,1655.89,1721.47,1655.89,1695.57,43.2391,73199.14963,540
8/24/2022,ETHTUSD,1665.91,1694.15,1605.91,1655.43,65.8593,108872.2536,695
8/23/2022,ETHTUSD,1624.03,1673.35,1564.58,1664.78,107.204,173935.6539,1086
8/22/2022,ETHTUSD,1614.46,1628.2,1526.11,1626.3,59.728,93882.3087,1376
8/21/2022,ETHTUSD,1576.91,1644.69,1563.79,1618.03,65.6764,105901.6097,988
8/20/2022,ETHTUSD,1611.52,1656.61,1524.29,1576.82,86.5437,138043.0902,1248
8/19/2022,ETHTUSD,1845.54,1845.54,1604.51,1611.5,196.6279,335383.9645,1526
8/18/2022,ETHTUSD,1833.65,1881.38,1823.71,1845.42,30.8032,57198.6434,838
8/17/2022,ETHTUSD,1877.76,1954.43,1800,1835.53,218.2184,405031.4145,1151
8/16/2022,ETHTUSD,1895.63,1913.78,1857.35,1878.41,45.7653,86100.40657,897
8/15/2022,ETHTUSD,1935.11,2008.75,1869.18,1899.9,126.0813,240082.3793,1314
8/14/2022,ETHTUSD,1984.11,2027.5,1905.3,1937.33,67.1438,132081.8355,1175
8/13/2022,ETHTUSD,1954.68,2019.18,1950.05,1985.08,144.4437,286338.8393,879
8/12/2022,ETHTUSD,1883.41,1963.69,1858.49,1960.29,80.1569,153707.1989,812
8/11/2022,ETHTUSD,1853.08,1942.69,1694.19,1880.05,223.5247,422871.1608,1230
8/10/2022,ETHTUSD,1700.44,1874.99,1650,1854.04,187.686,333851.8402,1240
8/9/2022,ETHTUSD,1777.84,1789.28,1672.41,1702.8,82.3673,142372.72,898
8/8/2022,ETHTUSD,1701.01,1813.04,1695.58,1777.33,69.3766,122476.9258,694
8/7/2022,ETHTUSD,1689.66,1728.18,1667.05,1699.49,51.4077,86968.49773,530
8/6/2022,ETHTUSD,1735.16,1748.4,1687.73,1690.84,98.0914,168900.4071,717
8/5/2022,ETHTUSD,1608.97,1740.95,1605.49,1736.03,232.8358,391663.7245,1674
8/4/2022,ETHTUSD,1617.34,1662.84,1578.79,1606.9,300.9842,489137.6756,1541
8/3/2022,ETHTUSD,1632.39,1682.85,1589.33,1616.34,501.8992,821162.6516,1854
8/2/2022,ETHTUSD,1629.29,1677.94,1562.15,1630.84,171.1454,276774.9514,1899
8/1/2022,ETHTUSD,1678.99,1701.35,1606.5,1631.08,56.4478,93298.94262,1022
7/31/2022,ETHTUSD,1696.3,1751.39,1666.24,1681.16,94.6936,161840.9872,938
7/30/2022,ETHTUSD,1724.87,1742.5,1675.08,1696.3,66.0277,112565.9959,1042
7/29/2022,ETHTUSD,1725.17,1763.35,1659.31,1726,72.5091,124230.1913,1419
7/28/2022,ETHTUSD,1638.69,1787.28,1591.23,1721.78,227.3016,380634.5337,1717
7/27/2022,ETHTUSD,1449.5,1640.2,1420.19,1638.46,185.291,283222.6454,1537
7/26/2022,ETHTUSD,1441.3,1453.28,1357,1449.58,153.5849,217409.1651,1459
7/25/2022,ETHTUSD,1597.52,1606.66,1439.34,1439.91,194.6484,294985.0403,1734
7/24/2022,ETHTUSD,1549.8,1660.17,1547.97,1596.27,164.6903,261778.5576,1197
7/23/2022,ETHTUSD,1536.22,1595.19,1488.03,1549.8,179.6107,276701.8647,1205
7/22/2022,ETHTUSD,1575.2,1645.38,1518.54,1535.94,299.416,471862.2509,1354
7/21/2022,ETHTUSD,1522.21,1605.59,1468.11,1575.1,345.1789,524421.6443,1285
7/20/2022,ETHTUSD,1544.23,1617.74,1494.82,1519.38,285.7716,444559.0637,1559
7/19/2022,ETHTUSD,1582.14,1623.68,1493.68,1543.32,439.8957,680843.9778,1877
7/18/2022,ETHTUSD,1337.3,1587.22,1337.3,1587.22,166.0065,245167.5653,1475
7/17/2022,ETHTUSD,1355.9,1400,1321.39,1335.85,416.7831,566296.1612,1469
7/16/2022,ETHTUSD,1231.65,1415.74,1191.3,1357.37,850.4375,1094007.746,2166
7/15/2022,ETHTUSD,1192.55,1287.81,1181.31,1231.33,685.1899,839328.2135,2170
7/14/2022,ETHTUSD,1112.76,1212.64,1073.76,1193.06,568.8673,651710.3545,2240
7/13/2022,ETHTUSD,1038.78,1115.03,1007.5,1115.03,409.6537,436850.7434,1917
7/12/2022,ETHTUSD,1094.54,1097.12,1032.81,1037.42,334.844,356781.3591,2034
7/11/2022,ETHTUSD,1166.06,1170.36,1089.83,1095.32,486.9879,545391.4399,1853
7/10/2022,ETHTUSD,1216.68,1218.61,1153.64,1166.1,193.4141,228106.0513,1352
7/9/2022,ETHTUSD,1214.2,1231.11,1205.83,1216.04,142.4728,173641.6228,1306
7/8/2022,ETHTUSD,1236.93,1275,1188.87,1214.49,431.0317,531832.5282,1986
7/7/2022,ETHTUSD,1185.63,1253.72,1161.22,1235.53,411.4851,493906.9642,1861
7/6/2022,ETHTUSD,1132.65,1202.64,1110.66,1185.26,446.3076,509047.8961,2424
7/5/2022,ETHTUSD,1149.29,1172.49,1075.61,1133.2,765.0167,869888.6386,3099
7/4/2022,ETHTUSD,1072.51,1164.77,1045.37,1149.49,638.4338,702135.6395,2666
7/3/2022,ETHTUSD,1066.43,1085.43,1030.83,1073.64,580.2802,615464.6642,2073
7/2/2022,ETHTUSD,1057.59,1079.63,1027.23,1065.24,912.4537,960240.7657,2169
7/1/2022,ETHTUSD,1069.77,1114.82,1034.63,1056.1,1184.4279,1262245.159,3380
6/30/2022,ETHTUSD,1097.34,1104.86,997.33,1068.44,999.2367,1043205.275,3600
6/29/2022,ETHTUSD,1142.68,1154.87,1084.5,1098.22,1125.2159,1252063.377,3298
6/28/2022,ETHTUSD,1190.52,1234.86,1136.99,1142.62,656.0628,783073.3067,2578
6/27/2022,ETHTUSD,1197.12,1236.59,1175.04,1189.66,671.2484,809013.9062,3381
6/26/2022,ETHTUSD,1241.42,1277.81,1195.54,1197.4,377.7794,466885.0052,2228
6/25/2022,ETHTUSD,1219.63,1252.91,1180.32,1240.76,638.7529,775056.1444,1769
6/24/2022,ETHTUSD,1143.06,1241.87,1132.18,1224.32,1015.8319,1199271.135,848
6/23/2022,ETHTUSD,1048.82,1149.27,1048.21,1144.28,799.4166,888515.0286,1657
6/22/2022,ETHTUSD,1124.92,1125.2,1041.39,1048.16,724.1971,784767.0669,2469
6/21/2022,ETHTUSD,1126.76,1191.1,1104.38,1124.87,496.8829,568975.6967,2540
6/20/2022,ETHTUSD,1128.08,1166.55,1054.09,1127.03,926.3945,1025808.13,3022
6/19/2022,ETHTUSD,995.47,1156.58,936.62,1127.28,1458.6931,1478112.152,3635
6/18/2022,ETHTUSD,1084,1095.61,886.21,993.64,1111.6965,1103633.361,3611
6/17/2022,ETHTUSD,1066.26,1115.99,1050,1085.22,564.184,614377.0886,2611
6/16/2022,ETHTUSD,1235.8,1255.1,1052.18,1066.97,941.941,1066406.346,3271
6/15/2022,ETHTUSD,1204.98,1245.27,1014.68,1235.9,1228.7596,1378704.627,4016
6/14/2022,ETHTUSD,1207.59,1259.66,1074.38,1204.3,2066.686,2451975.304,4523
6/13/2022,ETHTUSD,1432.65,1450.24,1013.79,1209.77,3330.43155,4190302.968,5706
6/12/2022,ETHTUSD,1532.57,1540.21,1427.49,1432.75,484.9847,717977.6316,2457
6/11/2022,ETHTUSD,1661.09,1679.96,1500,1527.6,588.64241,916958.5761,2358
6/10/2022,ETHTUSD,1787.21,1801.85,1655,1660.86,820.9458,1414351.473,2890
6/9/2022,ETHTUSD,1790.77,1830.85,1775.58,1786.54,534.6652,959759.1603,1750
6/8/2022,ETHTUSD,1813.79,1834.76,1765.31,1789.44,411.1333,739628.4004,2026
6/7/2022,ETHTUSD,1858.36,1871.88,1726.19,1812.05,949.4604,1685289.668,2532
6/6/2022,ETHTUSD,1805.1,1917.5,1803.02,1858.97,525.4966,989370.0024,1867
6/5/2022,ETHTUSD,1803.34,1828.37,1775.63,1804.04,134.0673,242005.7852,950
6/4/2022,ETHTUSD,1774.04,1812.85,1746.42,1801.89,303.7723,538765.6828,1126
6/3/2022,ETHTUSD,1832.44,1841.97,1741.57,1773.65,449.4084,795543.8996,1673
6/2/2022,ETHTUSD,1814.89,1891.11,1781.04,1832.35,429.2095,778820.3416,1564
6/1/2022,ETHTUSD,1941.73,1967.8,1765.92,1814.48,647.8749,1203711.839,1972
5/31/2022,ETHTUSD,1995.29,2008.37,1926.88,1939.61,768.6312,1512036.025,2281
5/30/2022,ETHTUSD,1811.39,2008.39,1800.46,1998.26,528.8577,1016932.515,1764
5/29/2022,ETHTUSD,1790.89,1823.38,1759.42,1811.74,321.8373,577977.6813,1235
5/28/2022,ETHTUSD,1725.36,1806.62,1720.95,1791.62,470.7002,830525.1263,1627
5/27/2022,ETHTUSD,1792.43,1818.69,1705,1723.33,1695.8187,2983668.162,3303
5/26/2022,ETHTUSD,1940.74,1963.28,1732.08,1790.79,838.1437,1545625.252,2327
5/25/2022,ETHTUSD,1975.41,2017.4,1933.18,1941.46,621.9392,1225947.426,1881
5/24/2022,ETHTUSD,1971.72,1990.4,1912.17,1977.05,458.8051,902068.661,1651
5/23/2022,ETHTUSD,2038.88,2084.27,1957.62,1972.31,633.1914,1280789.546,1908
5/22/2022,ETHTUSD,1973.8,2051.3,1964.45,2040.58,335.8469,674320.7707,1329
5/21/2022,ETHTUSD,1958.06,1985.52,1936.54,1972.86,236.1138,464606.3486,1218
5/20/2022,ETHTUSD,2015.52,2060,1920.66,1957.39,970.6782,1930699.07,2350
5/19/2022,ETHTUSD,1916.12,2035.81,1899.74,2016.76,1096.2904,2162390.077,2675
5/18/2022,ETHTUSD,2088.46,2108.02,1905.71,1911.54,456.11,903387.2946,2171
5/17/2022,ETHTUSD,2021.06,2117.62,2006.27,2087.67,404.3089,835487.7273,2099
5/16/2022,ETHTUSD,2141.86,2141.86,1979.5,2018.19,412.6907,838444.6991,2258
5/15/2022,ETHTUSD,2051.03,2159,1994.32,2142.85,126.5212,263425.1267,1288
5/14/2022,ETHTUSD,2008.94,2062.79,1949.36,2052.42,213.9511,430658.4848,1740
5/13/2022,ETHTUSD,1954.03,2142.92,1935.67,2006.03,504.1868,1043432.144,2771
5/12/2022,ETHTUSD,2083.16,2170.91,1671.4,1956.26,644.25194,1235495.498,3634
5/11/2022,ETHTUSD,2341.28,2453.59,2000,2071.33,728.6923,1676281.829,3488
5/10/2022,ETHTUSD,2239.04,2455.48,2199.98,2344.55,875.1543,2058910.693,3395
5/9/2022,ETHTUSD,2520.82,2529.71,2224.81,2234.35,466.2942,1104841.122,2916
5/8/2022,ETHTUSD,2634.87,2638.85,2489.4,2525.05,228.0608,581162.71,1724
5/7/2022,ETHTUSD,2694.41,2702.09,2587.22,2635.64,223.2344,595949.1333,1372
5/6/2022,ETHTUSD,2747.94,2755.93,2631.49,2691.94,396.0241,1067018.767,2385
5/5/2022,ETHTUSD,2940.58,2952.38,2694.31,2746.08,344.0147,964431.723,1945
5/4/2022,ETHTUSD,2780.51,2964.85,2771.22,2941.26,333.0682,955103.1303,1946
5/3/2022,ETHTUSD,2856.47,2860.86,2758.67,2782.82,325.7417,914550.8096,1835
5/2/2022,ETHTUSD,2823.02,2879,2779.64,2855.79,259.2531,732378.3213,1741
5/1/2022,ETHTUSD,2727.71,2847.54,2721.39,2825.8,225.0859,626788.1703,1390
4/30/2022,ETHTUSD,2817.32,2839.02,2718.23,2726.77,124.3006,347214.4831,1136
4/29/2022,ETHTUSD,2937.81,2946.53,2771.71,2815.33,184.7873,528342.0174,1589
4/28/2022,ETHTUSD,2881.45,2978.04,2851.06,2939.71,210.4674,613850.3983,1706
4/27/2022,ETHTUSD,2810.46,2917.08,2794.46,2888.79,277.6603,795621.5295,1882
4/26/2022,ETHTUSD,3007.85,3030.74,2766.01,2809.45,348.7352,1011596.987,1861
4/25/2022,ETHTUSD,2922.86,3025.06,2798.63,3006.25,316.985,921162.7747,1923
4/24/2022,ETHTUSD,2933.74,2965.5,2914.54,2920.77,71.0139,208875.9576,929
4/23/2022,ETHTUSD,2959.9,2977.98,2917.66,2933.07,67.5583,199386.5059,762
4/22/2022,ETHTUSD,2983.3,3032.03,2932.68,2963.39,277.763,829047.2914,1883
4/21/2022,ETHTUSD,3077.51,3177.29,2947.74,2986.38,244.1043,747782.3245,1411
4/20/2022,ETHTUSD,3101.31,3163.88,3038.35,3077.24,146.8882,455774.1258,1202
4/19/2022,ETHTUSD,3055.97,3128.8,3033.17,3101.87,179.6051,552970.8888,1207
4/18/2022,ETHTUSD,2989.12,3067.67,2885.87,3057.14,293.941,867519.189,1496
4/17/2022,ETHTUSD,3060.31,3081.34,2984.05,2990.39,111.3634,339362.097,788
4/16/2022,ETHTUSD,3043.69,3083.53,3008.6,3060.36,113.4114,345081.3382,688
4/15/2022,ETHTUSD,3021.88,3059.12,2996.19,3041.38,124.4355,376436.5167,1070
4/14/2022,ETHTUSD,3118.28,3143.68,2978.36,3019.18,239.0005,730213.3276,1299
4/13/2022,ETHTUSD,3031.23,3128.62,3000,3116.69,175.9583,541508.8428,1342
4/12/2022,ETHTUSD,2979.35,3081.79,2952.9,3031.23,327.8178,985862.2482,1825
4/11/2022,ETHTUSD,3203.04,3212.82,2954.12,2978.66,493.9899,1508520.53,2362
4/10/2022,ETHTUSD,3261.75,3307.33,3194.48,3202.82,156.4867,508345.286,896
4/9/2022,ETHTUSD,3191.93,3266.05,3182.97,3256.76,100.5345,323016.8547,971
4/8/2022,ETHTUSD,3229.99,3313.96,3176.02,3195.08,297.6847,969297.0488,1939
4/7/2022,ETHTUSD,3168.31,3267.29,3141.34,3227.17,658.599,2118093.7,2711
4/6/2022,ETHTUSD,3404.93,3405.7,3163.59,3170.68,568.9677,1853601.415,3039
4/5/2022,ETHTUSD,3518.05,3554.47,3399.07,3410.99,364.971,1270465.358,1811
4/4/2022,ETHTUSD,3522.57,3546.69,3406.15,3520.92,241.5779,843862.1836,1587
4/3/2022,ETHTUSD,3445.53,3580.41,3413.37,3522.99,204.2071,714084.3993,1474
4/2/2022,ETHTUSD,3454.45,3537.02,3434.36,3446.31,282.164,983407.4345,1676
4/1/2022,ETHTUSD,3281.79,3481.7,3210.9,3453.76,206.9327,694961.8195,1563
3/31/2022,ETHTUSD,3380.58,3443.87,3265,3276.52,255.5482,858855.1822,1445
3/30/2022,ETHTUSD,3397.81,3445.73,3330.06,3386,203.7768,689736.5108,1526
3/29/2022,ETHTUSD,3333.99,3482.81,3330.82,3403.51,279.5741,954468.1524,1816
3/28/2022,ETHTUSD,3294.79,3431.65,3278.9,3330.25,294.4868,987590.2968,1717
3/27/2022,ETHTUSD,3145.73,3300,3128.42,3297.3,194.6103,621519.2447,1127
3/26/2022,ETHTUSD,3104.31,3151.05,3083.76,3142.53,64.5508,201431.8246,480
3/25/2022,ETHTUSD,3110.56,3193.45,3079.69,3102.8,365.6137,1147317.634,1719
3/24/2022,ETHTUSD,3038.52,3128.74,3006.63,3111.07,602.4769,1849855.396,2010
3/23/2022,ETHTUSD,2968.84,3041.33,2920.65,3036,362.0431,1073901.727,731
3/22/2022,ETHTUSD,2892.07,3050.75,2892.07,2968.74,357.8661,1067306.641,854
3/21/2022,ETHTUSD,2858.52,2957.8,2834.98,2897.06,236.7472,687180.4799,591
3/20/2022,ETHTUSD,2956.3,2962.66,2822,2854.39,244.1016,705165.5426,487
3/19/2022,ETHTUSD,2943.81,2985.82,2895.89,2942.48,176.2517,520370.15,420
3/18/2022,ETHTUSD,2799.28,2984.9,2769.17,2942.89,452.1502,1303971.555,906
3/17/2022,ETHTUSD,2773.11,2835.65,2743.98,2814.87,146.5788,408006.1185,372
3/16/2022,ETHTUSD,2618.61,2786.48,2605.9,2765.07,727.243,1955186.021,990
3/15/2022,ETHTUSD,2591.23,2662.95,2506.44,2628.5,473.9319,1224034.305,911
3/14/2022,ETHTUSD,2514,2609.15,2499.82,2586.82,487.903,1251052.722,948
3/13/2022,ETHTUSD,2562.94,2601.32,2496.21,2513.6,244.576,621496.3009,652
3/12/2022,ETHTUSD,2557.68,2612.28,2555.83,2565.25,250.9238,648825.6537,694
3/11/2022,ETHTUSD,2602.38,2677.31,2517.1,2558.07,915.8262,2362834.505,2121
3/10/2022,ETHTUSD,2722.29,2727,2552.28,2609.75,451.45,1176514.68,1305
3/9/2022,ETHTUSD,2583.48,2770.18,2570.03,2731.89,308.8653,833525.4412,793
3/8/2022,ETHTUSD,2495.83,2624.7,2485.94,2573.38,698.477,1783924.656,1456
3/7/2022,ETHTUSD,2552.02,2646.32,2451.56,2494.79,331.3851,838729.652,892
3/6/2022,ETHTUSD,2670.55,2676.29,2540.03,2553.76,397.5748,1042742.756,943
3/5/2022,ETHTUSD,2612.69,2682.66,2596.05,2666.04,66.0225,173950.3328,237
3/4/2022,ETHTUSD,2832.17,2832.39,2578.75,2622.32,292.2624,783604.1433,775
3/3/2022,ETHTUSD,2945.35,2965.81,2787.86,2834.38,169.1503,484267.8845,580
3/2/2022,ETHTUSD,2968.75,3038.37,2916.1,2946.66,252.0189,749715.5344,882
3/1/2022,ETHTUSD,2924.07,3032.89,2856.2,2965.2,378.8612,1116417.992,1138
2/28/2022,ETHTUSD,2618.94,2944.33,2569.74,2921.9,617.0546,1691048.043,1621
2/27/2022,ETHTUSD,2781.32,2833.43,2561.1,2626.26,519.8162,1401336.717,1378
2/26/2022,ETHTUSD,2769.88,2875.9,2732.19,2782.99,276.2289,772797.7171,1135
2/25/2022,ETHTUSD,2601.64,2834.46,2576.09,2766.79,396.0572,1052707.926,1456
2/24/2022,ETHTUSD,2572.03,2733.56,2301.48,2594.6,932.1057,2274486.677,3470
2/23/2022,ETHTUSD,2639.75,2752.64,2578.18,2579.42,407.1959,1082860.517,1443
2/22/2022,ETHTUSD,2578.56,2664.36,2500.71,2633.18,375.3558,969016.0508,1186
2/21/2022,ETHTUSD,2619.99,2756.54,2562.63,2568.16,429.2003,1141866.424,1796
2/20/2022,ETHTUSD,2749.96,2749.96,2577.81,2621.48,301.0944,800204.1393,1145
2/19/2022,ETHTUSD,2776.5,2828.66,2700,2766.11,333.9469,921183.6961,811
2/18/2022,ETHTUSD,2886,2943.47,2756.19,2786.23,391.0223,1111026.092,1000
2/17/2022,ETHTUSD,3119.59,3158.06,2856.57,2885.91,277.0206,827439.0158,1112
2/16/2022,ETHTUSD,3182.87,3186.13,3046.81,3126.13,181.7896,568832.4101,857
2/15/2022,ETHTUSD,2931.49,3193.44,2914.06,3182.77,326.509,1001211.864,1235
2/14/2022,ETHTUSD,2890.48,2964.56,2833.38,2930.6,302.3553,881086.7038,831
2/13/2022,ETHTUSD,2910.49,2950.5,2832.01,2873.25,281.5795,814719.2532,584
2/12/2022,ETHTUSD,2928.41,2985.29,2861.81,2899.38,128.8153,376056.1826,405
2/11/2022,ETHTUSD,3050.78,3130.42,2884.73,2926.94,418.8549,1272644.033,1124
2/10/2022,ETHTUSD,3241.76,3283.82,3062.46,3071.61,439.8205,1403168.221,1515
2/9/2022,ETHTUSD,3116.16,3271.04,3060.87,3243.04,187.5047,592850.7029,867
2/8/2022,ETHTUSD,3149.92,3232.76,3030.19,3122.48,387.0266,1200283.993,1890
2/7/2022,ETHTUSD,3060.29,3188.49,2994.97,3139.97,400.7629,1243425.719,2284
2/6/2022,ETHTUSD,3022.53,3075.48,2954.57,3056.54,97.0863,292237.5775,449
2/5/2022,ETHTUSD,2999,3067.41,2963.87,3018.45,234.1473,706066.0402,788
2/4/2022,ETHTUSD,2692.65,2996.08,2674.27,2996.08,289.6539,828871.4521,959
2/3/2022,ETHTUSD,2690.31,2726.49,2577.94,2696.39,136.9356,360862.6805,581
2/2/2022,ETHTUSD,2793.25,2810.93,2615.08,2686.77,182.1971,494011.8504,921
2/1/2022,ETHTUSD,2685.69,2814.63,2681.38,2792.79,274.4827,760456.6851,1542
1/31/2022,ETHTUSD,2605.96,2707.92,2478.48,2685.4,874.285,2267698.774,2670
1/30/2022,ETHTUSD,2603.57,2639.14,2545.19,2605.03,312.4342,811820.6018,1351
1/29/2022,ETHTUSD,2541.32,2637.2,2523.2,2601.65,400.0831,1027360.712,2016
1/28/2022,ETHTUSD,2419.9,2555.55,2359.89,2552.23,1003.1856,2509188.64,2401
1/27/2022,ETHTUSD,2460.82,2519.24,2320.64,2424.42,442.1302,1072482.276,2356
1/26/2022,ETHTUSD,2443.28,2721.5,2405.44,2466.66,845.6426,2162851.453,3456
1/25/2022,ETHTUSD,2432.56,2505.83,2354.61,2452.03,592.0304,1436392.967,3169
1/24/2022,ETHTUSD,2538.48,2538.48,2164.88,2435.5,675.9098,1577173.877,3156
1/23/2022,ETHTUSD,2414.2,2547.68,2377.6,2535.52,265.975,659330.7714,1707
1/22/2022,ETHTUSD,2567.11,2622.32,2309.75,2412.16,658.9494,1626102.51,3346
1/21/2022,ETHTUSD,2992,3018.99,2465.04,2566.56,489.40247,1353208.131,2179
1/20/2022,ETHTUSD,3091.77,3270,2992,3006.26,270.0763,862014.9935,1451
1/19/2022,ETHTUSD,3163.8,3172.04,3041.33,3086.94,256.3175,796733.0739,1044
1/18/2022,ETHTUSD,3222.17,3236.09,3085.79,3165.6,210.5842,660641.7285,985
1/17/2022,ETHTUSD,3349.68,3349.68,3144.32,3206.05,366.7922,1193759.322,1616
1/16/2022,ETHTUSD,3332.1,3386.04,3277.47,3352.07,88.3687,295235.961,442
1/15/2022,ETHTUSD,3317.31,3365.64,3268.55,3340.5,92.6592,306837.3649,418
1/14/2022,ETHTUSD,3233.69,3338.48,3198.31,3311.46,189.6947,624628.3556,620
1/13/2022,ETHTUSD,3382.54,3407.08,3242.04,3242.04,251.1708,832215.3068,785
1/12/2022,ETHTUSD,3252.09,3406.16,3200.27,3371.71,286.8084,950890.5117,889
1/11/2022,ETHTUSD,3081.43,3260.56,3057.71,3238.29,331.276,1053616.394,960
1/10/2022,ETHTUSD,3150.96,3179.78,2940.78,3067.63,609.3239,1878755.476,1859
1/9/2022,ETHTUSD,3075.72,3209.94,3061.83,3142.35,636.6883,1998625.267,1649
1/8/2022,ETHTUSD,3199.53,3245.3,2999.01,3078.58,523.4364,1642125.684,1473
1/7/2022,ETHTUSD,3407.49,3408.35,3065.76,3199.53,901.7079,2892003.888,2594
1/6/2022,ETHTUSD,3529.16,3546.46,3299.23,3408.81,424.0061,1450657.527,1154
1/5/2022,ETHTUSD,3781.13,3847.1,3415.14,3539.18,643.4868,2374679.977,1822
1/4/2022,ETHTUSD,3767.15,3890.59,3719.81,3789.06,428.7973,1631957.101,1008
1/3/2022,ETHTUSD,3824.28,3845.37,3684.96,3763.32,534.942,2026259.039,1445
1/2/2022,ETHTUSD,3766.78,3850,3716.44,3833.61,503.3475,1905361.505,1436
1/1/2022,ETHTUSD,3692.75,3775.19,3677.75,3766.78,656.3231,2450364.501,1540
12/31/2021,ETHTUSD,3726.23,3811.86,3627.25,3679.61,750.8271,2797319.405,1868
12/30/2021,ETHTUSD,3630.02,3767.45,3557.56,3709.93,684.423,2536875.821,1820
12/29/2021,ETHTUSD,3795.34,3827.56,3608.56,3627.88,510.4771,1914581.969,1119
12/28/2021,ETHTUSD,4030.39,4034.71,3690.02,3793.12,1039.4829,4036308.432,2153
12/27/2021,ETHTUSD,4066.34,4125.97,4036.83,4036.91,659.8924,2688444.957,1651
12/26/2021,ETHTUSD,4089.13,4106.62,3998.51,4073,676.1346,2743350.825,1492
12/25/2021,ETHTUSD,4045.44,4140,4022,4095.41,835.474,3401302.649,1929
12/24/2021,ETHTUSD,4120.8,4135.06,4027.18,4042.64,1127.15,4611564.446,2158
12/23/2021,ETHTUSD,3981.52,4152.51,3821,4108.44,1325.7435,5336917.376,2669
12/22/2021,ETHTUSD,4018.35,4072.49,3938.91,3980.6,1186.3262,4758340.498,2376
12/21/2021,ETHTUSD,3961.1,4068.35,3914.57,4016.28,619.2457,2480719.433,1682
12/20/2021,ETHTUSD,3923.8,3981.47,3759.79,3942.34,965.6117,3724200.738,2429
12/19/2021,ETHTUSD,3956.76,4030,3890.25,3917.1,1122.2085,4432751.167,2230
12/18/2021,ETHTUSD,3874.42,3993.9,3770.9,3959.51,1291.7092,5096339.098,2570
12/17/2021,ETHTUSD,3958.1,3989,3700,3889.33,791.2072,3059802.681,2045
12/16/2021,ETHTUSD,4022.29,4111.82,3945.47,3958.02,725.3386,2935430.792,1731
12/15/2021,ETHTUSD,3858.79,4452.33,3647.53,4018.26,1518.4702,5904310.064,2999
12/14/2021,ETHTUSD,3771.77,3879.58,3689,3862.04,1016.6308,3875500.596,1916
12/13/2021,ETHTUSD,4129.73,4140.99,3672,3781.17,945.3275,3677297.504,2110
12/12/2021,ETHTUSD,4089.77,4172.13,3982.71,4133.99,824.553,3358269.148,1797
12/11/2021,ETHTUSD,3902.45,4096.92,3839.94,4090.23,1728.1607,6949292.542,3433
12/10/2021,ETHTUSD,4107.59,4231,3894.1,3900.37,1892.1928,7664800.918,3874
12/9/2021,ETHTUSD,4444.61,4491.53,4078.16,4108.04,1166.2099,4957154.155,2771
12/8/2021,ETHTUSD,4311.26,4458.59,4229.77,4439.61,1044.7635,4560865.147,3243
12/7/2021,ETHTUSD,4351.99,4432.64,4262.19,4309.8,1783.1943,7793453.224,4086
12/6/2021,ETHTUSD,4201.29,4370.39,3927.3,4356.31,1177.0793,4891492.515,3427
12/5/2021,ETHTUSD,4134,4253.68,4045,4199.12,699.8496,2907286.672,2738
12/4/2021,ETHTUSD,4215.45,4233.68,3521.26,4123.61,1442.0611,5812469.526,3692
12/3/2021,ETHTUSD,4519.57,4860,4043.88,4225.65,1786.9445,7945981.493,3714
12/2/2021,ETHTUSD,4573.7,4629.83,4436.82,4511.76,850.4767,3860092.667,2436
12/1/2021,ETHTUSD,4636.48,4782.76,4530,4582.54,1338.1853,6231365.942,3735
11/30/2021,ETHTUSD,4449.49,4750.9,4350.97,4633.87,828.6518,3785513.513,3410
11/29/2021,ETHTUSD,4300,4459.86,4281.05,4440.5,582.1601,2534476.653,1686
11/28/2021,ETHTUSD,4098.67,4300,3956.13,4300,541.3984,2211783.264,1373
11/27/2021,ETHTUSD,4046.47,4178.45,4026.37,4064.26,314.1435,1290903.209,864
11/26/2021,ETHTUSD,4527.05,4542.66,3929.83,4040.74,1016.3915,4260880.641,2628
11/25/2021,ETHTUSD,4279.23,4553.47,4250.06,4519.44,845.5489,3721698.787,2644
11/24/2021,ETHTUSD,4348.3,4372.87,4173.84,4260.82,528.4958,2251664.694,1359
11/23/2021,ETHTUSD,4088.93,4385.69,4064.53,4341.51,836.2162,3518875.851,1967
11/22/2021,ETHTUSD,4252.3,4307.43,4000.02,4095.89,740.7053,3088395.54,2004
11/21/2021,ETHTUSD,4408.93,4438.27,4260.32,4273.36,460.496,2008272.777,1313
11/20/2021,ETHTUSD,4305.39,4436.35,4193.04,4414.44,452.356,1953574.009,1412
11/19/2021,ETHTUSD,3999.6,4312.89,3982.55,4300.68,757.1765,3124876.886,1880
11/18/2021,ETHTUSD,4295.23,4339.41,3944.08,3999.17,1174.6323,4817764.845,2534
11/17/2021,ETHTUSD,4209.98,4300,4063.49,4286.28,1146.415,4809262.221,3087
11/16/2021,ETHTUSD,4552.5,4552.5,4110.19,4214.52,1824.018,7832084.198,4679
11/15/2021,ETHTUSD,4629.54,4771.84,4543.67,4559.11,1940.6485,9027057.464,3583
11/14/2021,ETHTUSD,4644.88,4694.97,4514.78,4628.36,914.5398,4205212.511,2777
11/13/2021,ETHTUSD,4669.99,4708.12,4585.87,4650.58,1015.6832,4719436.051,2625
11/12/2021,ETHTUSD,4719.93,4807.9,4502,4682.55,1507.9362,7047938.489,3242
11/11/2021,ETHTUSD,4632.24,4781.08,4580.13,4727.89,1107.2227,5216224.252,2517
11/10/2021,ETHTUSD,4733.36,4864.53,4458,4634.27,1457.6537,6885607.354,4380
11/9/2021,ETHTUSD,4806.68,4838.73,4712.87,4730.88,1692.4924,8088359.737,3535
11/8/2021,ETHTUSD,4615.38,4823.25,4615.38,4810.56,1243.33001,5888385.029,3127
11/7/2021,ETHTUSD,4522.49,4637.39,4506.68,4616.19,827.7144,3791210.995,2826
11/6/2021,ETHTUSD,4476.76,4533.18,4332.75,4520.07,1232.2886,5469020.778,2746
11/5/2021,ETHTUSD,4532.48,4574.35,4443.83,4479.55,1055.8081,4744097.015,3398
11/4/2021,ETHTUSD,4602.75,4607.56,4424.57,4537.68,1082.163,4905741.709,3838
11/3/2021,ETHTUSD,4596.28,4668.33,4459.33,4605.92,1365.1576,6257204.684,3309
11/2/2021,ETHTUSD,4320.65,4600.45,4164.99,4585.86,2691.5897,11998777.18,5262
11/1/2021,ETHTUSD,4291.83,4380.17,3950,4329.4,1805.7198,7779932.336,5400
10/31/2021,ETHTUSD,4327.14,4395.7,4167.86,4290.44,1064.1111,4557795.533,7399
10/30/2021,ETHTUSD,4421.04,4433.42,4242.73,4323.23,1414.4656,6115655.939,10205
10/29/2021,ETHTUSD,4293.13,4460.61,4250,4420.9,1440.89571,6302015.318,9811
10/28/2021,ETHTUSD,3925.02,4296.53,3896.19,4287.13,1103.9009,4533348.824,3304
10/27/2021,ETHTUSD,4131.37,4312.22,3883,3923.5,1960.1034,8132937.047,5041
10/26/2021,ETHTUSD,4220.51,4294.9,4097.2,4129.58,1578.8646,6638516.041,4475
10/25/2021,ETHTUSD,4082.91,4235.32,4070.47,4211.43,870.7945,3621821.231,3904
10/24/2021,ETHTUSD,4169.18,4181.43,3962.07,4085.11,845.326,3441078.944,3697
10/23/2021,ETHTUSD,3971.04,4168.98,3938.42,4168.98,881.8609,3579362.276,3370
10/22/2021,ETHTUSD,4057.3,4166.97,3890.75,3972.49,1367.6625,5529032.128,4019
10/21/2021,ETHTUSD,4164,4373.35,4015.42,4051.66,1727.47493,7177051.071,4746
10/20/2021,ETHTUSD,3888,4166.97,3826.3,4165.28,1562.18081,6178520.345,3715
10/19/2021,ETHTUSD,3747.37,3886.74,3732.71,3874.97,1242.058,4727341.018,4237
10/18/2021,ETHTUSD,3849.65,3892.51,3674.03,3746.03,1230.8389,4676045.002,3517
10/17/2021,ETHTUSD,3828.12,3917.8,3646.52,3844.15,1711.6551,6572494.521,4611
10/16/2021,ETHTUSD,3868.33,3970,3805.63,3829.71,1506.341,5833515.79,3426
10/15/2021,ETHTUSD,3790.95,3902.63,3735.93,3867.53,1621.0208,6188730.483,4724
10/14/2021,ETHTUSD,3608.23,3825.66,3588.09,3791.24,1697.2918,6369094.935,5812
10/13/2021,ETHTUSD,3490.98,3611.35,3413.42,3606.98,1105.2926,3862282.753,3132
10/12/2021,ETHTUSD,3539.21,3542.37,3404.73,3487.43,1294.7361,4508524.418,4259
10/11/2021,ETHTUSD,3412.68,3622.27,3377.56,3543.05,850.4845,3011829.476,2555
10/10/2021,ETHTUSD,3570.07,3602.61,3411.26,3416.09,928.9271,3281637.997,2597
10/9/2021,ETHTUSD,3565.19,3627.5,3540.59,3570.77,1076.7509,3863448.429,3056
10/8/2021,ETHTUSD,3589.49,3690,3530.78,3560.33,1478.3444,5335460.348,4251
10/7/2021,ETHTUSD,3574.84,3650.98,3474.84,3587.16,1091.4481,3905692.058,3229
10/6/2021,ETHTUSD,3514.88,3627.53,3340.08,3579.62,1857.7947,6584033.969,4873
10/5/2021,ETHTUSD,3388.87,3542.85,3366.82,3518.63,1172.861,4045455.415,3607
10/4/2021,ETHTUSD,3418.77,3436.32,3274.52,3381.23,1221.5771,4104735.272,3622
10/3/2021,ETHTUSD,3392.46,3490.64,3341.84,3420.87,1438.3005,4917318.885,4697
10/2/2021,ETHTUSD,3310.63,3465.63,3259.65,3393.77,1094.8557,3675710.042,3679
10/1/2021,ETHTUSD,2999.04,3330,2970.32,3308.71,3296.266,10363848.9,7685
9/30/2021,ETHTUSD,2849.93,3047.98,2838.26,3001.01,3351.4472,10020612.54,7882
9/29/2021,ETHTUSD,2805.07,2948.65,2784.42,2849.4,3641.4264,10405402.93,6491
9/28/2021,ETHTUSD,2916.69,2970.36,2788.97,2807,2423.0401,6970566.233,5312
9/27/2021,ETHTUSD,3056.92,3166.92,2925,2925,3203.2467,9890601.84,6768
9/26/2021,ETHTUSD,2924.78,3115,2721.2,3064.86,2142.6454,6320729.344,5582
9/25/2021,ETHTUSD,2929.54,2966.51,2805,2922.45,3177.4476,9252482.634,6355
9/24/2021,ETHTUSD,3153.92,3158.86,2739.86,2924.82,4153.1486,12345067.26,7538
9/23/2021,ETHTUSD,3077.27,3172,3037.06,3154.65,3821.175,11886218.53,7471
9/22/2021,ETHTUSD,2768.11,3088.19,2740.94,3074.26,4988.4232,14628873.21,8176
9/21/2021,ETHTUSD,2977.3,3103.57,2653.67,2764.72,5451.65048,16114904.46,10555
9/20/2021,ETHTUSD,3335.42,3345.81,2915.37,2964.69,4301.154,13395736.75,6518
9/19/2021,ETHTUSD,3433.43,3455.59,3260,3326.97,2330.2575,7885302.475,4290
9/18/2021,ETHTUSD,3401.54,3540.16,3369.29,3435.86,2874.7568,9942383.458,5838
9/17/2021,ETHTUSD,3571.76,3592.85,3350.46,3399.13,2980.7865,10310966.72,5111
9/16/2021,ETHTUSD,3618.71,3671.12,3484.16,3571.17,3229.8883,11587995.36,7795
9/15/2021,ETHTUSD,3435.56,3615.22,3361.4,3614.13,3334.8351,11542049.85,7516
9/14/2021,ETHTUSD,3286.11,3440.65,3272.17,3440.65,1707.3339,5707564.02,3394
9/13/2021,ETHTUSD,3402.67,3429.76,3117,3284.84,1640.861,5339438.273,6899
9/12/2021,ETHTUSD,3260.79,3468.52,3232.41,3408.55,1007.4355,3412343.094,2266
9/11/2021,ETHTUSD,3211.17,3346.32,3200.95,3261.89,935.3095,3060271.166,2438
9/10/2021,ETHTUSD,3419.52,3514.06,3146.8,3208.8,1297.1012,4350830.339,3015
9/9/2021,ETHTUSD,3498.62,3572.39,3386.21,3425.99,1501.4111,5230303.835,3070
9/8/2021,ETHTUSD,3422.46,3558.14,3202.72,3494.3,771.5058,2638569.705,2398
9/7/2021,ETHTUSD,3929.66,3999,3017.11,3443.4,1379.5566,4982062.233,4148
9/6/2021,ETHTUSD,3949.34,3969.57,3868.61,3932.15,747.43,2940859.576,2166
9/5/2021,ETHTUSD,3885.3,3981,3843.45,3951.98,843.2482,3308390.689,1735
9/4/2021,ETHTUSD,3937.54,3972.41,3840,3886.37,532.1778,2076222.561,1386
9/3/2021,ETHTUSD,3794.48,4028.61,3720.03,3935.61,1053.03301,4077449.507,2171
9/2/2021,ETHTUSD,3827.65,3837.85,3727.28,3792.64,979.5691,3694048.323,2175
9/1/2021,ETHTUSD,3419.35,3841.69,3388.38,3825.19,978.99512,3503970.369,2768
8/31/2021,ETHTUSD,3226.63,3472.54,3192.13,3430.98,1242.64041,4134093.824,3215
8/30/2021,ETHTUSD,3224.58,3349,3145.96,3228.79,2145.54555,6949123.571,4861
8/29/2021,ETHTUSD,3247.77,3283.86,3155.46,3230.8,1054.7719,3400178.584,1873
8/28/2021,ETHTUSD,3280.69,3286.02,3210.51,3245.7,996.6653,3231985.801,1937
8/27/2021,ETHTUSD,3089.07,3280.97,3063.69,3273.67,1132.51313,3579556.612,2081
8/26/2021,ETHTUSD,3229.92,3249,3053.75,3089.18,913.57468,2852081.886,1804
8/25/2021,ETHTUSD,3178.53,3247.41,3080.19,3227.6,691.76479,2201759.156,1752
8/24/2021,ETHTUSD,3323.91,3359.71,3150.5,3173.56,1640.16235,5325533.059,2996
8/23/2021,ETHTUSD,3239.37,3377.64,3234.94,3319.14,1208.6788,4017659.287,4304
8/22/2021,ETHTUSD,3250.4,3273.94,3130.73,3242.91,326.27461,1043831.132,1563
8/21/2021,ETHTUSD,3281.22,3312.56,3211.86,3229.94,561.14271,1837707.102,2426
8/20/2021,ETHTUSD,3189,3301,3179.93,3287.85,1010.96652,3284795.01,4158
8/19/2021,ETHTUSD,3018.48,3185.96,2963.84,3184.37,654.50074,1995042.598,2776
8/18/2021,ETHTUSD,3007.97,3118.43,2951.84,3012.54,893.41897,2720490.923,3662
8/17/2021,ETHTUSD,3146.82,3290.08,2995.64,3010.36,1092.18898,3430970.293,3896
8/16/2021,ETHTUSD,3311.98,3334.81,3136.35,3148.4,1204.1293,3917864.102,4391
8/15/2021,ETHTUSD,3272.58,3321.24,3116.85,3310.11,1074.00409,3479870.309,4178
8/14/2021,ETHTUSD,3327.03,3329,3206.2,3262.43,678.74046,2224849.765,2538
8/13/2021,ETHTUSD,3044.51,3327.03,3040.06,3327.03,970.06501,3127165.357,3912
8/12/2021,ETHTUSD,3152.97,3237.1,2980.72,3047.08,1298.13123,4024335.222,5042
8/11/2021,ETHTUSD,3143.56,3274.29,3122.23,3162.91,1210.99739,3893656.362,5283
8/10/2021,ETHTUSD,3161.47,3235,3055.46,3138.31,1536.86374,4822245.995,6435
8/9/2021,ETHTUSD,3013.33,3187.46,2896.6,3162.68,2095.41853,6411940.42,7937
8/8/2021,ETHTUSD,3158.66,3190.39,2947.11,3014.82,1945.8507,5983415.161,8226
8/7/2021,ETHTUSD,2892,3172.07,2865.12,3156.04,1857.28534,5657533.302,8511
8/6/2021,ETHTUSD,2822.47,2948.13,2724.14,2889.16,1512.57117,4328856.223,5420
8/5/2021,ETHTUSD,2726.52,2843.31,2533.19,2823.28,1091.05067,2956102.035,3726
8/4/2021,ETHTUSD,2507.04,2765.61,2457.12,2725.55,1649.43339,4218313.189,5464
8/3/2021,ETHTUSD,2606.1,2629.17,2442.83,2509.29,1803.90186,4515998.617,6052
8/2/2021,ETHTUSD,2554.34,2666.01,2509.12,2602.85,2272.62297,5877580.116,8064
8/1/2021,ETHTUSD,2535.39,2697,2514.64,2562.34,1988.61084,5157105.322,6455
7/31/2021,ETHTUSD,2463.82,2552.41,2424.24,2531.77,1267.84348,3144306.989,3796
7/30/2021,ETHTUSD,2388.38,2471.08,2318.65,2461.55,2073.08849,4944447.24,6455
7/29/2021,ETHTUSD,2298.41,2400,2267.52,2382.14,836.3483,1936897.735,3048
7/28/2021,ETHTUSD,2298,2344.52,2235.02,2297.77,1733.52835,3981607.075,5213
7/27/2021,ETHTUSD,2226.67,2319.53,2152.44,2301.89,2848.40625,6362192.576,9825
7/26/2021,ETHTUSD,2190.93,2432.62,2175.92,2231.84,2763.94074,6424580.837,8880
7/25/2021,ETHTUSD,2181.15,2197.27,2108.86,2190.25,398.88662,860869.4139,1613
7/24/2021,ETHTUSD,2129.8,2199.5,2106.08,2186.32,681.6319,1463591.826,2325
7/23/2021,ETHTUSD,2025.16,2133.22,1996.3,2124.84,1692.00453,3470171.276,5757
7/22/2021,ETHTUSD,1995.45,2047.82,1949.45,2023.7,2016.58623,4036061.326,5847
7/21/2021,ETHTUSD,1787.74,2025.22,1751.35,1995.02,2301.04061,4368767.553,6599
7/20/2021,ETHTUSD,1820.25,1839.86,1718.3,1788.3,2848.22613,5023795.471,7921
7/19/2021,ETHTUSD,1887.03,1915.91,1805.16,1817.39,1773.42703,3275305.479,4583
7/18/2021,ETHTUSD,1902.03,1993.44,1869.25,1893.39,1342.30629,2602320.775,3827
7/17/2021,ETHTUSD,1875.37,1917.6,1848.3,1900.1,1154.17549,2176299.521,3456
7/16/2021,ETHTUSD,1920.3,1964.08,1850,1876.58,1242.74713,2370383.007,3260
7/15/2021,ETHTUSD,1984.53,2038.99,1881.65,1917.84,1148.36046,2218317.217,3279
7/14/2021,ETHTUSD,1936.73,2018.07,1864.47,1994.22,1174.60427,2299600.072,3600
7/13/2021,ETHTUSD,2032.11,2044.96,1919.99,1939.22,1091.06562,2162186.744,3114
7/12/2021,ETHTUSD,2139.37,2166.44,2009.01,2034.78,794.75452,1655617.035,2461
7/11/2021,ETHTUSD,2111.71,2172.31,2083.18,2136.92,511.83352,1088686.846,1828
7/10/2021,ETHTUSD,2146.64,2191.13,2075.72,2111.15,837.53611,1778091.755,3197
7/9/2021,ETHTUSD,2118,2186.04,2048.23,2146.47,1173.30879,2489751.649,4057
7/8/2021,ETHTUSD,2313.04,2323.17,2087.72,2116.37,1861.28927,4081860.31,5685
7/7/2021,ETHTUSD,2316.66,2408.74,2294.44,2309.46,1217.02786,2860133.892,3773
7/6/2021,ETHTUSD,2200.89,2349.57,2195.97,2322.63,1412.92373,3244408.321,4529
7/5/2021,ETHTUSD,2316.91,2321.31,2158.94,2197.64,1737.43494,3897942.288,5715
7/4/2021,ETHTUSD,2227.18,2388.23,2189.92,2322.85,1071.33913,2475606.962,2987
7/3/2021,ETHTUSD,2156.89,2237,2114.19,2227.32,1086.999,2379715.653,3328
7/2/2021,ETHTUSD,2107.88,2158.43,2008.55,2154.8,1864.75325,3868121.072,5105
7/1/2021,ETHTUSD,2275.75,2275.75,2055.4,2107.86,2009.34147,4298207.195,5519
6/30/2021,ETHTUSD,2166.06,2285.94,2086.51,2275.69,2041.27578,4421655.932,6560
6/29/2021,ETHTUSD,2084.48,2244.82,2075.87,2162.76,1832.34442,3987661.126,5151
6/28/2021,ETHTUSD,1984.18,2143.89,1960.41,2083.74,2500.97838,5137677.622,6137
6/27/2021,ETHTUSD,1820.81,1983.04,1806.36,1974.39,2133.54703,3972768.217,4911
6/26/2021,ETHTUSD,1809.86,1851.29,1716.91,1830.57,2522.07068,4479591.337,5613
6/25/2021,ETHTUSD,1991.83,2017.54,1792.61,1811.16,2324.20537,4378466.513,5942
6/24/2021,ETHTUSD,1968.16,2035.18,1884.76,1987.96,1901.44964,3733128.244,4478
6/23/2021,ETHTUSD,1878.94,2043.95,1824.53,1967.85,2668.24621,5285703.008,5969
6/22/2021,ETHTUSD,1885.03,1996.87,1699.28,1876.47,4570.09852,8544697.871,8852
6/21/2021,ETHTUSD,2244.61,2258.21,1867.53,1891.27,3651.08549,7245945.091,8434
6/20/2021,ETHTUSD,2164.52,2275.98,2043.82,2244.43,1558.08247,3349060.579,3929
6/19/2021,ETHTUSD,2233.86,2273.96,2162.31,2165.8,1017.57519,2262074.288,2484
6/18/2021,ETHTUSD,2373.19,2375.19,2139.88,2236.14,1297.95295,2933509.319,3196
6/17/2021,ETHTUSD,2364.66,2460.37,2308.17,2370.35,1408.55109,3348510.258,3572
6/16/2021,ETHTUSD,2542.1,2552.63,2352.63,2368.64,1194.32497,2923628.701,3483
6/15/2021,ETHTUSD,2584.36,2639.28,2507.6,2544.12,1172.57099,3018247.125,3394
6/14/2021,ETHTUSD,2512.16,2607.12,2463.87,2582.24,1490.74396,3775523.787,3955
6/13/2021,ETHTUSD,2375.49,2549.17,2309.45,2502.5,1604.79151,3851894.931,4411
6/12/2021,ETHTUSD,2352.66,2452.61,2250.91,2368.47,1479.74266,3491942.98,4164
6/11/2021,ETHTUSD,2470.08,2497.12,2325.27,2352.83,1748.27624,4237086.251,4194
6/10/2021,ETHTUSD,2609.46,2619.14,2426.59,2466.67,1414.83838,3568560.511,3729
6/9/2021,ETHTUSD,2505.49,2627.55,2409.56,2610.03,1961.74713,4958465.584,5039
6/8/2021,ETHTUSD,2585.09,2622.31,2308.45,2515.8,1756.34718,4374769.104,4768
6/7/2021,ETHTUSD,2719.73,2847.17,2570.47,2593.84,1686.32299,4616241.475,4931
6/6/2021,ETHTUSD,2624.68,2744.26,2616.32,2713.95,1097.12779,2954930.491,3008
6/5/2021,ETHTUSD,2695.93,2816.21,2550.05,2629.12,1521.5416,4061619.138,4078
6/4/2021,ETHTUSD,2856.01,2861.49,2538.78,2690.14,1796.40193,4789803.376,5068
6/3/2021,ETHTUSD,2695.82,2890.9,2661.54,2856.89,1134.02573,3167324.364,3662
6/2/2021,ETHTUSD,2636.78,2801.13,2552.35,2706.71,1343.05265,3613023.183,3742
6/1/2021,ETHTUSD,2710.97,2735.28,2526.63,2633.39,1284.10927,3351522.936,3772
5/31/2021,ETHTUSD,2385.97,2717.11,2270,2715.26,1711.91518,4240720.426,4341
5/30/2021,ETHTUSD,2283.13,2475.61,2183.8,2388.24,1649.44251,3932081.144,4074
5/29/2021,ETHTUSD,2409.56,2572.58,2210.8,2283.15,1420.49368,3370822.804,4339
5/28/2021,ETHTUSD,2744.08,2759.21,2329.28,2413.18,2255.8531,5697521.088,6385
5/27/2021,ETHTUSD,2888.47,2888.47,2637,2733.66,1326.64213,3670912.617,4271
5/26/2021,ETHTUSD,2711.32,2912.17,2641.36,2888.89,1925.9912,5367979.986,5358
5/25/2021,ETHTUSD,2644.8,2752.61,2376.33,2696.21,2317.90271,5969323.06,7434
5/24/2021,ETHTUSD,2101.97,2677.5,2087.5,2651.11,2982.90362,6993770.677,9322
5/23/2021,ETHTUSD,2289.82,2382.44,1500,2115.4,5376.40484,10820094.45,13625
5/22/2021,ETHTUSD,2441.89,2485.11,2157.96,2295.24,2284.31916,5386122.458,7128
5/21/2021,ETHTUSD,2788.65,2941.85,2100,2432.08,3545.43227,8994104.186,12384
5/20/2021,ETHTUSD,2445.88,3028.87,2166.06,2772.02,3122.69311,8197778.526,11282
5/19/2021,ETHTUSD,3390.86,3439.16,1877.93,2445.88,6642.51571,17819877.76,20464
5/18/2021,ETHTUSD,3302.59,3565.01,3243.95,3376.28,1446.46352,4957888.005,6105
5/17/2021,ETHTUSD,3575.89,3577.6,3116.23,3257.83,3038.43205,10196855.21,10382
5/16/2021,ETHTUSD,3651.76,3875.95,3335,3605.28,2680.77698,9755391.248,8464
5/15/2021,ETHTUSD,4077.56,4137.73,3631.09,3659.23,1473.26644,5673522.34,5599
5/14/2021,ETHTUSD,3716.54,4179.77,3698.96,4076.78,2086.43012,8274223.285,9536
5/13/2021,ETHTUSD,3789.47,4344,3380,3710.33,4192.72462,15961092.46,14299
5/12/2021,ETHTUSD,4175,4374.61,3730,3809.36,3919.24307,16247683.42,12724
5/11/2021,ETHTUSD,3945.22,4184,3775.66,4174.06,2337.41389,9250802.239,8892
5/10/2021,ETHTUSD,3930.57,4211.4,3609.59,3942.87,2588.70129,10481163.29,10404
5/9/2021,ETHTUSD,3911.58,3986,3730.15,3923.47,2503.5629,9708872.111,9346
5/8/2021,ETHTUSD,3485.12,3959.56,3360,3915.3,3125.64725,11386517.74,10999
5/7/2021,ETHTUSD,3494.38,3590,3360,3485.17,1357.09313,4708965.146,5110
5/6/2021,ETHTUSD,3529.99,3609.61,3384.38,3492.75,1802.95284,6290481.817,6491
5/5/2021,ETHTUSD,3246.85,3545.53,3205.38,3527.22,1833.2534,6171908.715,6722
5/4/2021,ETHTUSD,3435.46,3528.14,3155.61,3241.47,4063.46994,13534760.52,13383
5/3/2021,ETHTUSD,2952.46,3456.61,2952.27,3431.15,2880.88776,9180875.551,9133
5/2/2021,ETHTUSD,2947.45,2986.54,2855.28,2954.49,1136.20601,3322891.781,3734
5/1/2021,ETHTUSD,2774.45,2955,2756.01,2947.71,1375.15966,3954600.227,4247
4/30/2021,ETHTUSD,2759.63,2800,2723.64,2771.75,1303.09153,3595775.428,3939
4/29/2021,ETHTUSD,2752.19,2798.48,2671.53,2759.63,979.90057,2683472.674,3793
4/28/2021,ETHTUSD,2668.75,2761.81,2565.19,2748.84,1948.18194,5206368.249,6743
4/27/2021,ETHTUSD,2534.97,2681.68,2484.14,2659.19,3203.31956,8269299.125,32076
4/26/2021,ETHTUSD,2321.34,2544,1320,2535.47,3018.12602,7352798.982,11791
4/25/2021,ETHTUSD,2220.84,2356.28,2170.33,2319.66,1954.46356,4442885.816,5854
4/24/2021,ETHTUSD,2368.04,2368.87,2160.06,2217.43,1974.43557,4436671.5,5907
4/23/2021,ETHTUSD,2394.72,2441.26,2110.31,2364.96,8496.8331,18966495.62,17240
4/22/2021,ETHTUSD,2361.86,2644.47,2304.82,2400.76,6035.62965,14877109.33,16134
4/21/2021,ETHTUSD,2335.23,2471.14,2237.89,2357.51,2796.65345,6575444.48,7183
4/20/2021,ETHTUSD,2167.96,2347.87,2051.01,2332.77,3036.44327,6664917.794,8007
4/19/2021,ETHTUSD,2241.49,2281.03,2080.53,2168.38,2530.84058,5545878.452,6446
4/18/2021,ETHTUSD,2318.58,2338.88,1933.01,2241,5218.29134,11360276.7,14149
4/17/2021,ETHTUSD,2432.66,2493.52,2315.63,2317.69,1448.861,3465794.158,4018
4/16/2021,ETHTUSD,2518.17,2549,2304.96,2432.68,2286.00038,5547671.298,6996
4/15/2021,ETHTUSD,2439.63,2545.26,2401.1,2516.47,1794.37961,4435188.936,4536
4/14/2021,ETHTUSD,2300.44,2445.98,2267.97,2430.48,3273.48123,7741217.174,7301
4/13/2021,ETHTUSD,2141.61,2317.69,2139.31,2300.44,2097.0085,4697098.351,4844
4/12/2021,ETHTUSD,2150,2200.39,2100.93,2136.96,1253.09843,2695431.842,3109
4/11/2021,ETHTUSD,2135.61,2163,2112.91,2148.24,1167.34975,2497283.33,2293
4/10/2021,ETHTUSD,2061.88,2196.84,2058.74,2133.69,1559.4938,3336896.073,3710
4/9/2021,ETHTUSD,2079.61,2100,2048.88,2065.77,920.05973,1907638.533,2060
4/8/2021,ETHTUSD,1962.23,2083.43,1946.44,2080.06,2357.12611,4825282.744,4058
4/7/2021,ETHTUSD,2112.21,2128.66,1933,1961.83,3126.08815,6271929.567,7400
4/6/2021,ETHTUSD,2109.02,2151.65,2044.49,2111.56,1735.76718,3660051.268,5253
4/5/2021,ETHTUSD,2077.84,2132.06,2003.87,2106.33,1289.17975,2676782.933,3755
4/4/2021,ETHTUSD,2006.62,2092.02,1970.08,2076.89,1490.83531,3031789.855,3163
4/3/2021,ETHTUSD,2134.92,2137.26,2000,2011.19,1392.79327,2890119.123,4095
4/2/2021,ETHTUSD,1970.87,2145.03,1949.24,2137.06,1802.09377,3653795.157,4074
4/1/2021,ETHTUSD,1925.69,1984.16,1886.01,1967.02,1662.47008,3228891.078,3273
3/31/2021,ETHTUSD,1841.76,1947.02,1772.47,1916.05,1699.81888,3154613.693,3459
3/30/2021,ETHTUSD,1821.34,1859.4,1787.3,1842.59,1194.68586,2179818.536,2436
3/29/2021,ETHTUSD,1684.66,1840.79,1676.8,1816.63,1974.38868,3522590.594,4301
3/28/2021,ETHTUSD,1715.48,1724.23,1661.16,1685.23,1014.65327,1721846.353,1865
3/27/2021,ETHTUSD,1700.76,1729.85,1666.83,1710.4,1354.71143,2301517.592,2425
3/26/2021,ETHTUSD,1597.48,1700.95,1597.48,1699.8,1622.46679,2662427.162,2541
3/25/2021,ETHTUSD,1581.4,1620.78,1543.79,1588.48,1814.83165,2883245.742,2408
3/24/2021,ETHTUSD,1667,1740.02,1544.09,1582.48,1788.45022,2975131.74,3024
3/23/2021,ETHTUSD,1680.75,1720,1625,1670.94,1120.63265,1888742.049,1732
3/22/2021,ETHTUSD,1778.13,1806.16,1657.55,1687.47,1244.25517,2149001.495,1996
3/21/2021,ETHTUSD,1802.99,1816.3,1747.49,1784.47,707.19022,1261164.045,1430
3/20/2021,ETHTUSD,1811.47,1866.53,1802.35,1802.8,919.96469,1691643.601,1701
3/19/2021,ETHTUSD,1771.47,1840.46,1732.54,1808.73,516.03259,931498.1948,1180
3/18/2021,ETHTUSD,1823.73,1846.28,1759.22,1783.1,722.18116,1301152.736,1414
3/17/2021,ETHTUSD,1811.68,1838.5,1740.76,1821.65,1078.17737,1929748.663,1896
3/16/2021,ETHTUSD,1792.39,1819,1711.54,1804.52,1536.33318,2721486.435,2002
3/15/2021,ETHTUSD,1846.25,1890.11,1734.7,1788.77,2391.02226,4287443.211,3267
3/14/2021,ETHTUSD,1919.82,1930,1780,1851.36,1441.25868,2711192.491,2793
3/13/2021,ETHTUSD,1765.47,1940.81,1729.07,1923.38,1485.0367,2762256.703,2547
3/12/2021,ETHTUSD,1828.16,1840.27,1721,1767.51,1038.09043,1841012.277,1850
3/11/2021,ETHTUSD,1797.07,1846,1723.99,1824.62,1132.05363,2027219.017,2270
3/10/2021,ETHTUSD,1873.78,1876.98,1759.34,1797.84,1181.24917,2149081.3,2351
3/9/2021,ETHTUSD,1835.63,1870.66,1800,1870.66,1590.29419,2907636.646,2734
3/8/2021,ETHTUSD,1730.09,1841.47,1667.92,1833.39,1655.33343,2884838.62,2836
3/7/2021,ETHTUSD,1653.16,1730,1634.04,1727.97,1328.31011,2212768.943,3035
3/6/2021,ETHTUSD,1531.95,1676.36,1515,1652.89,2117.74235,3361887.845,4466
3/5/2021,ETHTUSD,1531.41,1548,1442.88,1530.88,1759.52572,2619653.187,2550
3/4/2021,ETHTUSD,1568.82,1622.71,1506,1539.62,1465.99283,2271696.031,2502
3/3/2021,ETHTUSD,1487.26,1656.5,1477.09,1569.27,927.51423,1476566.615,1701
3/2/2021,ETHTUSD,1572.58,1604.01,1457.51,1486.56,1710.81935,2625597.32,2343
3/1/2021,ETHTUSD,1422.22,1573,1413.51,1571.16,2209.59312,3332331.303,3896
2/28/2021,ETHTUSD,1449.75,1469.15,1287.87,1418.19,2222.50691,3055364.812,3435
2/27/2021,ETHTUSD,1445.67,1525.73,1427.5,1459.55,1746.25147,2595052.695,2682
2/26/2021,ETHTUSD,1482.14,1563.5,1402.08,1447.67,2370.49424,3491724.093,3339
2/25/2021,ETHTUSD,1623.62,1671.8,1460,1466.74,1849.71345,2964606.255,2541
2/24/2021,ETHTUSD,1575.79,1710,1500,1627.17,1784.90999,2922550.999,3563
2/23/2021,ETHTUSD,1780.92,1780.92,1325,1575.59,3109.86793,4763366.253,6728
2/22/2021,ETHTUSD,1937.25,1937.7,1550,1778.72,3920.1268,6921591.353,7377
2/21/2021,ETHTUSD,1913.54,1982.51,1886.79,1937.93,1342.90761,2609796.825,2475
2/20/2021,ETHTUSD,1956.54,2044.74,1791.96,1917.19,2567.35174,5064415.269,5535
2/19/2021,ETHTUSD,1943.08,1973.52,1890.97,1956.54,2385.734,4615508.816,5962
2/18/2021,ETHTUSD,1851.33,1949.64,1849.67,1940,1523.53353,2914561.577,3213
2/17/2021,ETHTUSD,1783.24,1855.19,1733.57,1848.39,1709.46955,3087575.884,3420
2/16/2021,ETHTUSD,1777.79,1826.06,1721.19,1783,1758.50405,3127246.276,3278
2/15/2021,ETHTUSD,1801.51,1837.17,1650,1777.79,4947.47561,8786895.152,6961
2/14/2021,ETHTUSD,1818.5,1851.57,1783.38,1801.51,2850.33204,5191837.44,4510
2/13/2021,ETHTUSD,1850.9,1874.69,1750,1816.67,2340.22748,4243272.881,4055
2/12/2021,ETHTUSD,1793.64,1868.81,1741.09,1845.32,3008.78174,5373422.112,5128
2/11/2021,ETHTUSD,1746.53,1816.59,1704.48,1785.16,3003.26492,5327214.841,4540
2/10/2021,ETHTUSD,1775.68,1837.7,1678.38,1742.96,2823.2513,4992362.946,5021
2/9/2021,ETHTUSD,1755.06,1825,1710,1772.44,2379.0479,4176132.243,4231
2/8/2021,ETHTUSD,1614.99,1779.58,1575.34,1752.04,2701.35536,4582840.286,4524
2/7/2021,ETHTUSD,1680.05,1694.56,1493.48,1614.59,2277.12784,3644728.812,3728
2/6/2021,ETHTUSD,1722.22,1744.19,1646.35,1679.3,2899.7673,4893485.687,5372
2/5/2021,ETHTUSD,1600,1764.89,1595.1,1721.13,2907.62135,4894911.968,4897
2/4/2021,ETHTUSD,1668.42,1697.53,1557.71,1598.42,5117.04297,8454522.69,6415
2/3/2021,ETHTUSD,1518.61,1671.17,1509.27,1667.07,2526.90246,3982190.5,4398
2/2/2021,ETHTUSD,1378.62,1548,1362.42,1513.02,3784.78734,5499260.663,5045
2/1/2021,ETHTUSD,1310.51,1377.4,1270.99,1372.46,1792.93065,2370555.667,3496
1/31/2021,ETHTUSD,1380.22,1380.59,1283,1314.49,2090.68992,2788635.75,2891
1/30/2021,ETHTUSD,1382.35,1407.35,1328,1378.87,2632.57802,3566511.748,4045
1/29/2021,ETHTUSD,1330.9,1440,1290,1378.64,5202.25649,7163767.651,7573
1/28/2021,ETHTUSD,1237.49,1361.18,1220,1335.07,2159.46012,2837448.25,2976
1/27/2021,ETHTUSD,1369.43,1372.71,1207.98,1241.69,4051.69158,5133441.769,4809
1/26/2021,ETHTUSD,1315.05,1376.29,1245.07,1360.33,2559.07426,3372626.251,3988
1/25/2021,ETHTUSD,1390.76,1478.84,1296.58,1321.08,4121.37011,5811298.088,5033
1/24/2021,ETHTUSD,1230.37,1400,1223.3,1393.05,3028.13104,4000621.43,3895
1/23/2021,ETHTUSD,1231.23,1272.13,1197.33,1233.1,2555.53519,3171017.853,3086
1/22/2021,ETHTUSD,1114.44,1275,1042.96,1237.19,4888.10465,5721962.222,6217
1/21/2021,ETHTUSD,1379.34,1388.45,1083.59,1110.52,4895.82601,6028926.806,6298
1/20/2021,ETHTUSD,1365.88,1407.89,1233.95,1377.56,5414.90834,7175287.6,7000
1/19/2021,ETHTUSD,1259.23,1438,1251.72,1370.53,6082.76715,8297493.403,7271
1/18/2021,ETHTUSD,1233.51,1261.27,1183.22,1258.04,1992.6827,2445790.287,2940
1/17/2021,ETHTUSD,1226.36,1268.96,1165.73,1230.43,2673.62264,3265255.478,3799
1/16/2021,ETHTUSD,1171.07,1293,1153.37,1227.49,3194.33824,3919885.183,4632
1/15/2021,ETHTUSD,1231.28,1255,1068.68,1172.14,4564.30942,5387492.257,6336
1/14/2021,ETHTUSD,1131.01,1246.13,1087.32,1229.39,4156.31811,4860066.407,5565
1/13/2021,ETHTUSD,1047.75,1136.86,986.86,1129.32,3981.25171,4239333.499,4771
1/12/2021,ETHTUSD,1087.32,1150,1006.75,1046.29,5569.14402,6034889.167,6543
1/11/2021,ETHTUSD,1256.3,1259.22,905.68,1089.47,9176.79843,9677710.203,9484
1/10/2021,ETHTUSD,1281.95,1351.53,1163,1255,5829.86962,7515375.658,8502
1/9/2021,ETHTUSD,1221.29,1309.91,1173.93,1280.49,3669.96004,4556776.673,5015
1/8/2021,ETHTUSD,1228.15,1272.65,1068.61,1217.06,5586.52435,6649259.495,6349
1/7/2021,ETHTUSD,1211.52,1290,1116,1226.58,5496.27227,6705083.12,6922
1/6/2021,ETHTUSD,1105.34,1215.68,1058.31,1209.53,5814.20699,6643706.796,7279
1/5/2021,ETHTUSD,1045.1,1133.86,976.82,1102.86,6132.37503,6477476.681,7429
1/4/2021,ETHTUSD,986.33,1169.16,893.21,1041.79,10047.59645,10160133.26,9774
1/3/2021,ETHTUSD,775.59,1014.12,769.84,980.07,8688.06848,7890061.533,6876
1/2/2021,ETHTUSD,731.42,788.42,717,775.3,4478.22177,3414882.101,3514
1/1/2021,ETHTUSD,739.64,750.22,716.97,730.36,1480.12757,1089482.732,1210
12/31/2020,ETHTUSD,754,755.41,723,737.14,2162.4978,1597969.79,1763
12/30/2020,ETHTUSD,733.25,757.38,716.54,751.8,2461.57937,1815747.173,1942
12/29/2020,ETHTUSD,729.88,739.07,680,733.25,3842.1933,2754718.236,2951
12/28/2020,ETHTUSD,684.87,746.93,683.23,729.74,4195.07332,3042809.439,3011
12/27/2020,ETHTUSD,637.42,717.73,622.95,683.6,4864.77007,3275825.632,3753
12/26/2020,ETHTUSD,626.89,652.47,615.98,636.27,2173.43233,1377780.508,1470
12/25/2020,ETHTUSD,612.61,633.85,604.26,626.3,2027.26321,1254598.719,1524
12/24/2020,ETHTUSD,583.85,615.18,566.23,612.41,2028.89762,1190066.682,1631
12/23/2020,ETHTUSD,636.81,637.81,552.39,584.4,3511.27729,2122107.267,2745
12/22/2020,ETHTUSD,608.6,636.38,588,636.38,2381.43845,1460795.087,1709
12/21/2020,ETHTUSD,635.35,647.59,596,607.57,2607.92877,1610312.734,2213
12/20/2020,ETHTUSD,658.05,661.75,622,637.16,1623.28467,1046439.519,1281
12/19/2020,ETHTUSD,654.89,670.8,646.35,659.37,2174.73181,1432409.517,1704
12/18/2020,ETHTUSD,643.21,663.36,630.79,654.45,1574.44703,1015887.604,1166
12/17/2020,ETHTUSD,638.56,676,627.25,642.93,6789.42768,4417902.158,4383
12/16/2020,ETHTUSD,589.4,639,581.15,639,4508.60637,2776444.696,3107
12/15/2020,ETHTUSD,586.83,596.75,579.24,588.78,1547.30486,909356.2585,1139
12/14/2020,ETHTUSD,589.07,591.47,575.56,586.83,805.02176,470762.1393,544
12/13/2020,ETHTUSD,569.2,595,563.61,592.1,1184.50636,689219.0577,781
12/12/2020,ETHTUSD,544.37,573.57,542.79,568.11,1138.77057,638707.0308,737
12/11/2020,ETHTUSD,559.79,559.79,535.01,543.72,2682.37304,1458764.762,1472
12/10/2020,ETHTUSD,573.72,573.72,548.76,558.44,2260.69548,1264765.751,1254
12/9/2020,ETHTUSD,553.6,577.45,530.82,573.49,3123.82129,1732798.416,1647
12/8/2020,ETHTUSD,591.05,595.05,548.61,554.56,2102.07049,1195112.76,1336
12/7/2020,ETHTUSD,602,602.08,584.7,591.47,932.60235,553446.2746,747
12/6/2020,ETHTUSD,597.99,607.29,583.29,602.01,1650.64757,985375.5196,1165
12/5/2020,ETHTUSD,567.56,597.57,561,597,1511.92573,872903.9165,738
12/4/2020,ETHTUSD,613.79,620,565.37,567.07,3779.61663,2230006.68,1936
12/3/2020,ETHTUSD,597.68,623.45,586.95,616.53,2944.84844,1778270.634,1551
12/2/2020,ETHTUSD,584.83,604.74,575.47,597.55,2463.075,1459526.835,1641
12/1/2020,ETHTUSD,614.53,636.34,502.25,586.1,10860.78775,6539279.787,5096
11/30/2020,ETHTUSD,577.2,617,571.07,617,4501.8301,2690696.21,2741
11/29/2020,ETHTUSD,537.36,576.56,531.42,576.56,4381.0359,2418493.857,2082
11/28/2020,ETHTUSD,520,548.18,507.07,538.51,4903.01829,2562364.63,2540
11/27/2020,ETHTUSD,522.5,530.86,494.16,518,3922.05255,2010525.645,2143
11/26/2020,ETHTUSD,568,576.8,482,518.02,18145.60996,9313379.729,9749
11/25/2020,ETHTUSD,605,606.36,554.1,569.87,5004.23896,2937073.875,3803
11/24/2020,ETHTUSD,609.5,623.04,587.28,605.97,5492.48087,3334571.066,4264
11/23/2020,ETHTUSD,561.1,611.16,550.48,609.5,8834.59899,5203472.651,5299
11/22/2020,ETHTUSD,553.38,581.16,511.8,560.68,7154.18191,3932303.38,4692
11/21/2020,ETHTUSD,511.24,553.31,503.08,551.2,4404.75158,2320786.636,3193
11/20/2020,ETHTUSD,472.5,514.66,471.15,509.75,6289.6382,3146442.375,3208
11/19/2020,ETHTUSD,478.94,480.9,464.9,471.55,3028.14793,1435768.769,1698
11/18/2020,ETHTUSD,483.34,495.6,457,479.18,9332.37319,4445249.462,4186
11/17/2020,ETHTUSD,460.07,485,460.07,482.6,3059.10877,1448521.66,1722
11/16/2020,ETHTUSD,448.39,465.79,446.23,460.97,3236.00497,1477817.85,1550
11/15/2020,ETHTUSD,461.37,463.01,440.62,448.74,2560.01514,1159426.003,1447
11/14/2020,ETHTUSD,477.14,477.66,452.37,461.16,3609.31051,1675631.133,1830
11/13/2020,ETHTUSD,463.15,478.46,457.64,476.91,3546.00688,1661876.747,1854
11/12/2020,ETHTUSD,463.84,470.3,451,463.13,4787.95523,2207541.062,2468
11/11/2020,ETHTUSD,450.49,476.67,450.45,463.59,6288.39484,2925695.751,2766
11/10/2020,ETHTUSD,444.69,455,438.93,450.9,2999.43364,1344724.183,1588
11/9/2020,ETHTUSD,454.3,459.2,433.78,444.06,4358.73505,1951297.076,1839
11/8/2020,ETHTUSD,435.22,460.56,432.76,454.56,3040.52192,1358227.492,1284
11/7/2020,ETHTUSD,456.77,468.84,424.27,435.82,6332.26231,2825754.026,2792
11/6/2020,ETHTUSD,416.32,458.25,416.32,456.79,7139.84202,3133698.633,2700
11/5/2020,ETHTUSD,403.18,421.32,397.05,417.16,6938.83522,2835390.353,2528
11/4/2020,ETHTUSD,388.02,408.65,377.34,402.7,6088.99471,2394410.148,1968
11/3/2020,ETHTUSD,383.13,390.01,370.43,388.08,5663.27881,2150872.845,1921
11/2/2020,ETHTUSD,397.27,404.62,378.16,383.72,4233.17513,1648088.624,1465
11/1/2020,ETHTUSD,386.28,397.51,385.05,397.06,1902.85326,743409.5869,698
10/31/2020,ETHTUSD,382.32,394.02,380.82,386.7,2845.02963,1104024.154,978
10/30/2020,ETHTUSD,386.65,392.05,359.62,382.71,5598.53211,2125255.377,2049
10/29/2020,ETHTUSD,388.53,393.83,380.82,387.34,3746.8223,1457521.782,1396
10/28/2020,ETHTUSD,403.13,409.21,380.85,388.48,4130.52748,1620508.823,1483
10/27/2020,ETHTUSD,394.75,410.6,390.69,403.86,3991.31248,1600814.912,1424
10/26/2020,ETHTUSD,405.82,411.27,382.94,393.09,3976.08401,1581013.087,1503
10/25/2020,ETHTUSD,411.84,418,403.03,405.82,1687.11133,688967.6549,607
10/24/2020,ETHTUSD,409.7,416.37,408.21,412.45,1154.71309,476149.7911,439
10/23/2020,ETHTUSD,414.27,419.08,402.86,409.6,2088.80311,860532.8292,964
10/22/2020,ETHTUSD,391.67,421.11,391.67,414.46,5415.3867,2218147.656,2148
10/21/2020,ETHTUSD,369.08,402.48,369.08,391.73,6500.89458,2524678.505,2663
10/20/2020,ETHTUSD,379.34,380.13,365.95,368.43,2523.66131,939121.5277,997
10/19/2020,ETHTUSD,378.97,384.14,373.13,379.28,3201.41723,1213327.764,1243
10/18/2020,ETHTUSD,367.96,378.54,367.38,377.87,1783.35739,666127.0719,651
10/17/2020,ETHTUSD,365.79,370.43,363.8,368.16,1345.40109,493870.8502,520
10/16/2020,ETHTUSD,377.15,380.1,361.87,365.64,2938.13687,1086421.004,1043
10/15/2020,ETHTUSD,378.98,381.66,370.29,377.43,3115.24322,1173812.907,1088
10/14/2020,ETHTUSD,381.46,387.19,372.81,378.75,3251.46974,1231244.34,1159
10/13/2020,ETHTUSD,387.14,387.37,374.8,381.06,3423.19776,1307161.84,1106
10/12/2020,ETHTUSD,374.09,394.92,364.85,386.86,4218.68262,1606395.713,1774
10/11/2020,ETHTUSD,370.98,377.24,369.3,374.4,1747.855,652933.238,696
10/10/2020,ETHTUSD,365.09,378.39,364.98,370.85,4314.96188,1612388.546,1589
10/9/2020,ETHTUSD,350.8,368.13,347.44,365.28,5572.93677,2008681.987,2296
10/8/2020,ETHTUSD,342.03,353.28,334.91,350.83,2244.50927,772260.1906,780
10/7/2020,ETHTUSD,339.44,342.76,333.41,341.84,2124.65709,720130.6535,880
10/6/2020,ETHTUSD,354.33,355.1,336.78,340.7,3802.7107,1319475.364,1342
10/5/2020,ETHTUSD,352.66,356.05,348.96,353.5,2114.59789,744587.8767,837
10/4/2020,ETHTUSD,345.46,354.4,344.08,352.44,2344.05125,818839.0079,827
10/3/2020,ETHTUSD,345.7,350.93,343.98,345.91,2089.11721,725732.0099,729
10/2/2020,ETHTUSD,352.04,353.57,334.46,345.54,4629.56944,1582305.596,1591
10/1/2020,ETHTUSD,359.88,370.11,345.31,352.91,3209.14551,1148631.283,1297
9/30/2020,ETHTUSD,359.66,361.41,351.75,359.88,2022.24405,720564.7953,773
9/29/2020,ETHTUSD,353.43,360.23,350.07,359.76,2557.07555,907849.6119,1059
9/28/2020,ETHTUSD,358.07,367.83,352.03,353.91,3547.00421,1278404.089,1231
9/27/2020,ETHTUSD,354.31,362.1,347.35,357.44,4107.42299,1464062.963,1462
9/26/2020,ETHTUSD,352.12,356.42,346.11,354.39,4879.76126,1716151.027,1996
9/25/2020,ETHTUSD,349.4,357.9,337.68,351.72,8188.58371,2838404.131,3029
9/24/2020,ETHTUSD,320.55,353.01,316.46,348.74,11007.48094,3710397.107,4235
9/23/2020,ETHTUSD,344.38,344.4,313.15,320.61,7429.39361,2447912.74,2512
9/22/2020,ETHTUSD,340.34,346.77,335.67,344.23,4596.12,1574399.093,1617
9/21/2020,ETHTUSD,370.38,376.55,330.89,339.94,12536.20643,4405179.441,4438
9/20/2020,ETHTUSD,384.71,384.91,365,370.56,5071.73278,1899658.809,1901
9/19/2020,ETHTUSD,384.49,388.77,377.21,385.48,3113.01421,1194126.902,1221
9/18/2020,ETHTUSD,389.38,392.38,375.37,384.21,5674.50696,2175667.225,2005
9/17/2020,ETHTUSD,364.92,394.18,363.54,389.39,9831.80613,3752778.017,3724
9/16/2020,ETHTUSD,363.75,373.3,354.9,365.04,6042.15652,2203749.564,2688
9/15/2020,ETHTUSD,377.31,382.5,362.33,363.98,5166.52849,1915117.097,2291
9/14/2020,ETHTUSD,366.22,384.51,356.77,376.9,7818.16394,2908700.575,3471
9/13/2020,ETHTUSD,388.04,390.42,353.67,366.32,5816.87374,2173104.032,2179
9/12/2020,ETHTUSD,374.31,388.35,364.75,387.64,4100.38567,1542924.354,1707
9/11/2020,ETHTUSD,367.83,375.38,355.72,373.98,6834.64756,2496563.62,2437
9/10/2020,ETHTUSD,350.79,377.41,350.12,367.9,10898.0485,4003887.262,3937
9/9/2020,ETHTUSD,336.7,359.1,330.75,350.96,8911.83986,3064095.262,3023
9/8/2020,ETHTUSD,353.73,355.94,325.6,337.37,13901.17784,4720158.011,4689
9/7/2020,ETHTUSD,352.39,357.37,323.21,352.99,13657.6806,4674259.723,5043
9/6/2020,ETHTUSD,334.39,360.36,316.4,352.14,9720.9768,3315054.017,3653
9/5/2020,ETHTUSD,385.47,394.75,309,333.95,22389.79499,7820071.373,8153
9/4/2020,ETHTUSD,381.79,400.61,358.91,385.55,15896.23685,6128628.204,6498
9/3/2020,ETHTUSD,439.58,450.94,372,382.19,13872.42356,5742710.174,5341
9/2/2020,ETHTUSD,475.41,481.09,419.5,440.02,12168.14196,5421447.583,5207
9/1/2020,ETHTUSD,434.44,489,429.61,476.23,9631.78224,4478682.908,5356
8/31/2020,ETHTUSD,429.16,439,418.75,433.8,4961.90176,2133129.399,2571
8/30/2020,ETHTUSD,398.48,429.89,398.48,428.8,7041.04294,2916338.652,2795
8/29/2020,ETHTUSD,395.76,405.75,392.29,398.48,5367.49834,2151637.849,2579
8/28/2020,ETHTUSD,383.55,398.14,379.99,395.4,5080.29456,1991359.198,2327
8/27/2020,ETHTUSD,386.22,397.28,371.07,382.66,6097.43568,2332324.998,2582
8/26/2020,ETHTUSD,382.94,393.12,377.53,385.96,4578.94845,1764003.347,2245
8/25/2020,ETHTUSD,407.6,409,370,383.3,8347.09603,3225375.485,3703
8/24/2020,ETHTUSD,390.9,410.41,387.62,407.69,5566.27731,2235797.022,2447
8/23/2020,ETHTUSD,395.78,397.03,383.52,390.91,4822.24297,1883332.117,2526
8/22/2020,ETHTUSD,387.76,397.2,379.64,395.52,6189.5156,2407876.373,3689
8/21/2020,ETHTUSD,416.17,418.83,385.03,387.93,8550.58235,3446978.041,4690
8/20/2020,ETHTUSD,408.58,419.3,402.42,415.99,5142.77549,2116660.057,2945
8/19/2020,ETHTUSD,422.76,426.18,393.47,406.94,8007.0629,3274962.57,4306
8/18/2020,ETHTUSD,430.94,434.06,414.35,422.18,6726.80134,2869690.105,4037
8/17/2020,ETHTUSD,433.91,448.15,420.43,431.16,8110.74914,3505486.696,4261
8/16/2020,ETHTUSD,432.47,437.06,412.48,433.77,7435.59212,3176989.425,3787
8/15/2020,ETHTUSD,438.61,443.14,427.17,432.92,7873.37183,3424244.828,4412
8/14/2020,ETHTUSD,426.23,444.87,418.18,437.76,7837.17017,3389594.126,4159
8/13/2020,ETHTUSD,387.54,431.7,376.49,424.23,8844.56923,3562919.91,3717
8/12/2020,ETHTUSD,378.66,389.36,366,387.31,4165.56636,1592657.095,2380
8/11/2020,ETHTUSD,395.96,398.35,367,379.49,3828.10672,1471208.122,1937
8/10/2020,ETHTUSD,391.21,399.88,385,396.01,3303.79208,1304253.635,1783
8/9/2020,ETHTUSD,397.69,400.49,384.58,390.36,3947.5452,1544241.357,1899
8/8/2020,ETHTUSD,379.38,397.5,376.41,397.5,2562.59972,991885.1336,1227
8/7/2020,ETHTUSD,394.67,398.61,363.88,379.94,6998.2428,2695559.622,3141
8/6/2020,ETHTUSD,400.73,403.65,391.28,395.02,7326.67659,2907042.939,3312
8/5/2020,ETHTUSD,389.95,407.47,384,401.14,9582.56328,3784538.316,3850
8/4/2020,ETHTUSD,386.53,403.26,380.87,389.28,6971.94197,2729440.564,2886
8/3/2020,ETHTUSD,372.52,398,366.16,386.82,7071.96991,2739624.137,3145
8/2/2020,ETHTUSD,387.36,415.95,329.6,372.18,16560.07099,6255543.769,6186
8/1/2020,ETHTUSD,347.97,393.42,343.95,388.13,10112.75502,3728186.511,4112
7/31/2020,ETHTUSD,335.63,349.86,328.88,346.94,22311.16471,7609270.386,7391
7/30/2020,ETHTUSD,316.57,342,314.89,335.2,6179.59808,2031622.948,2363
7/29/2020,ETHTUSD,317.71,325.3,313.12,318.42,5358.92868,1718667.688,1941
7/28/2020,ETHTUSD,324.11,327.34,306.33,317.43,6995.10362,2218820.116,2677
7/27/2020,ETHTUSD,311.67,333.61,311.63,322.39,14219.89451,4600157.167,4901
7/26/2020,ETHTUSD,304.96,320.14,300.23,311.1,9297.10902,2888298.998,3042
7/25/2020,ETHTUSD,279.75,309.23,279.75,305.8,7543.71874,2201780.637,2632
7/24/2020,ETHTUSD,275.17,287.62,268.41,279.84,9914.06184,2746316.226,2806
7/23/2020,ETHTUSD,264.46,280.23,260.21,275.73,11318.36973,3063015.372,4405
7/22/2020,ETHTUSD,245.85,269.36,241.61,264.34,5225.87218,1329315.191,1987
7/21/2020,ETHTUSD,235.8,246.8,235.61,245.67,3702.07403,895933.0532,1710
7/20/2020,ETHTUSD,239.25,239.67,234.28,236.02,4952.02223,1177112.009,1489
7/19/2020,ETHTUSD,236,239.85,233.41,239.14,4016.68638,944346.7431,1083
7/18/2020,ETHTUSD,232.63,236.74,232.36,235.61,2092.29,491202.0492,530
7/17/2020,ETHTUSD,233.49,234.45,231.51,232.84,2377.07344,553684.719,654
7/16/2020,ETHTUSD,238.41,239,229.9,233.73,3818.37956,891118.7967,1358
7/15/2020,ETHTUSD,240.42,241.31,236.58,238.5,3781.13636,903330.3829,1328
7/14/2020,ETHTUSD,239.37,242.06,236.89,240.43,4641.27455,1111759.369,1690
7/13/2020,ETHTUSD,243.04,245.33,237.3,239.4,5550.79628,1342383.017,1857
7/12/2020,ETHTUSD,239.2,243.75,236.8,242.85,3141.44279,751808.029,924
7/11/2020,ETHTUSD,241.27,241.4,237.39,239.3,2627.41011,629057.5325,778
7/10/2020,ETHTUSD,241.97,242.11,235.71,240.95,1986.25242,475163.8744,558
7/9/2020,ETHTUSD,246.92,247.54,237.73,242.02,4772.53463,1161729.934,1346
7/8/2020,ETHTUSD,239.29,248.82,237.97,246.89,6850.59368,1667184.807,2047
7/7/2020,ETHTUSD,241.43,243.62,234.55,239.01,3641.69754,869359.1697,1026
7/6/2020,ETHTUSD,227.86,241.95,227.07,241.55,5436.98973,1274098.913,1533
7/5/2020,ETHTUSD,229.23,229.68,223.44,227.47,2893.26004,652792.9128,950
7/4/2020,ETHTUSD,224.85,230.56,224.81,229.14,2010.8367,456152.4932,632
7/3/2020,ETHTUSD,226.16,228.07,224.37,225.03,2222.71756,503662.521,628
7/2/2020,ETHTUSD,231.13,231.77,222.83,226.59,4130.91675,939832.0185,1212
7/1/2020,ETHTUSD,225.31,232.75,224.15,231.01,4412.73871,1013047.084,1028
6/30/2020,ETHTUSD,228.47,228.47,223.01,225.4,2333.39231,527223.6537,669
6/29/2020,ETHTUSD,225.11,229.85,221.32,227.86,3042.30486,686025.4862,1009
6/28/2020,ETHTUSD,220.15,227.63,218.26,224.71,2456.28781,549156.6765,748
6/27/2020,ETHTUSD,229.01,230.97,215.69,220.7,2797.32257,626600.0584,1059
6/26/2020,ETHTUSD,232,233.35,227.3,229.29,4084.3089,940440.2684,1474
6/25/2020,ETHTUSD,234.45,235.1,227.35,232.39,3801.7433,884823.1013,1370
6/24/2020,ETHTUSD,243.12,249,230.71,234.43,5651.964,1346856.221,1876
6/23/2020,ETHTUSD,243.44,244.73,240.96,242.9,4710.76615,1144424.83,1576
6/22/2020,ETHTUSD,227.66,246.78,227.43,243.59,4708.65379,1124437.004,1609
6/21/2020,ETHTUSD,228.83,230.99,227.09,227.62,3746.74323,860527.5969,1206
6/20/2020,ETHTUSD,228.37,230.45,225.51,228.85,2155.32513,491665.745,862
6/19/2020,ETHTUSD,230.74,231.69,226.57,228.03,1434.08539,328898.5898,509
6/18/2020,ETHTUSD,233.42,234.29,227.69,231.03,2297.11836,531651.3638,810
6/17/2020,ETHTUSD,235.64,237.11,227.6,233.66,2114.4476,492071.8102,867
6/16/2020,ETHTUSD,230.84,235.7,229.18,235.21,2071.71691,482961.6527,741
6/15/2020,ETHTUSD,230.99,233.73,217.82,230.91,5385.36277,1216726.77,2246
6/14/2020,ETHTUSD,238.09,238.33,229.9,232.01,1654.31103,387850.2365,732
6/13/2020,ETHTUSD,237.8,238.5,235.05,238.19,2015.21757,477242.5573,746
6/12/2020,ETHTUSD,229.97,238.76,228,237.51,2753.08278,647037.8845,1061
6/11/2020,ETHTUSD,248.24,250.16,225.37,230,6085.47358,1446534.88,2064
6/10/2020,ETHTUSD,243.99,250.31,242.47,247.84,3356.36541,824711.296,1080
6/9/2020,ETHTUSD,247.94,249.9,238,243.83,4729.23858,1151175.527,1557
6/8/2020,ETHTUSD,244.86,247.62,241.05,246.51,3663.583,892462.8046,1174
6/7/2020,ETHTUSD,241.71,245.49,234.56,244.25,5144.48835,1233802.799,1578
6/6/2020,ETHTUSD,239,244.36,237.91,242.37,2485.21303,600497.4298,784
6/5/2020,ETHTUSD,243.31,247.58,238.48,240.05,4567.41502,1108841.009,1452
6/4/2020,ETHTUSD,244.61,246.44,236.1,243.37,4080.2198,990021.7056,1169
6/3/2020,ETHTUSD,237.8,245,233.5,244.57,5006.21959,1194231.027,1583
6/2/2020,ETHTUSD,248.53,253.41,225.55,237.7,8031.53517,1929019.154,2631
6/1/2020,ETHTUSD,231.44,251.38,230.76,248.53,6632.81266,1620783.068,2523
5/31/2020,ETHTUSD,242.94,245,229.59,231.55,5020.18105,1183880.489,1445
5/30/2020,ETHTUSD,220.57,246.82,218.82,243.56,4835.83685,1134314.925,1404
5/29/2020,ETHTUSD,220.29,224.95,217.62,220.57,5127.54959,1130651.679,1250
5/28/2020,ETHTUSD,207.38,220.5,204.66,220.2,4201.29186,890314.6321,1108
5/27/2020,ETHTUSD,200.75,208.4,200.75,208.1,2497.17554,512053.4351,819
5/26/2020,ETHTUSD,204.35,204.75,196.84,200.83,3367.11948,678247.0148,925
5/25/2020,ETHTUSD,199.6,205.54,198,204.3,4108.81503,834207.8793,1312
5/24/2020,ETHTUSD,206.29,210.65,199.53,199.76,2986.60761,616441.2212,915
5/23/2020,ETHTUSD,208.16,211.25,204.82,206.57,3201.12977,664756.3993,1099
5/22/2020,ETHTUSD,197.88,209.11,196.21,207.05,3328.53803,679778.1909,1227
5/21/2020,ETHTUSD,209.77,211.39,191.45,198.79,5005.1637,995540.7493,1676
5/20/2020,ETHTUSD,214.67,215.59,205.73,209.71,4193.77316,882410.67,1641
5/19/2020,ETHTUSD,214.76,215.83,209.34,214.18,4825.77227,1025584.753,1840
5/18/2020,ETHTUSD,207.2,216.99,207.2,214.64,6270.56531,1334724.504,2422
5/17/2020,ETHTUSD,199.9,209.69,199.81,206.97,3135.85497,644240.3906,1366
5/16/2020,ETHTUSD,194.09,203.33,193.16,200.75,3498.29149,698168.1478,1258
5/15/2020,ETHTUSD,203.22,203.22,191.45,194.21,3357.75386,661453.2584,1226
5/14/2020,ETHTUSD,200.15,206,195.81,203.54,5703.39566,1146811.304,1821
5/13/2020,ETHTUSD,190.69,201.06,188.77,199.84,5571.35489,1087529.685,1834
5/12/2020,ETHTUSD,185.76,192.32,185.72,189.72,5558.27004,1053136.53,1903
5/11/2020,ETHTUSD,188.07,193.53,176.3,185.78,8635.10952,1599545.866,2888
5/10/2020,ETHTUSD,209.98,210,180,187.84,11450.81259,2168567.083,5075
5/9/2020,ETHTUSD,211.58,214.53,208.48,210.23,2314.93961,490025.8917,1064
5/8/2020,ETHTUSD,213,217,207.29,211.47,3723.17036,789954.6934,1739
5/7/2020,ETHTUSD,198.84,215.57,196.87,212.26,6535.99595,1358745.088,2762
5/6/2020,ETHTUSD,205.7,211.12,198.53,198.94,6891.49587,1426565.33,2704
5/5/2020,ETHTUSD,207.14,212,201,205.37,4506.479,924442.3845,1813
5/4/2020,ETHTUSD,210.1,210.74,195.08,206.65,6969.62007,1416738.887,2588
5/3/2020,ETHTUSD,214.03,219.39,205.02,209.86,3058.45047,650116.2514,2059
5/2/2020,ETHTUSD,211.47,215.48,210.73,213.94,3103.77734,661296.9927,2396
5/1/2020,ETHTUSD,206.94,217.3,206.94,212.11,3702.34767,784608.3073,2537
4/30/2020,ETHTUSD,215.4,227.31,202.17,206.19,10847.95146,2319364.448,4876
4/29/2020,ETHTUSD,196.73,219.19,196.73,215.4,9539.3723,2003913.454,3407
4/28/2020,ETHTUSD,196.65,197.82,192.66,196.8,1917.94098,375084.1217,809
4/27/2020,ETHTUSD,197.58,199.22,189.77,196.62,4241.16163,827495.8434,1620
4/26/2020,ETHTUSD,194.25,200.21,192.59,197.58,2569.04283,503079.5929,1085
4/25/2020,ETHTUSD,186.81,198.06,185.96,194.5,3181.71867,616666.5099,1542
4/24/2020,ETHTUSD,185.52,189.95,185,187.38,3657.3888,686464.7237,1529
4/23/2020,ETHTUSD,183.12,193.43,178.47,184.95,7039.3035,1312975.792,3181
4/22/2020,ETHTUSD,170.74,184.19,170.03,182.41,4097.86862,735435.6484,1610
4/21/2020,ETHTUSD,170.24,174.73,167.34,170.94,4687.53302,802426.4885,1678
4/20/2020,ETHTUSD,180.33,186.69,167,170.5,10650.06712,1882963.397,4029
4/19/2020,ETHTUSD,188.23,188.61,155,180.51,6123.17598,1101852.734,2494
4/18/2020,ETHTUSD,171.49,262.64,171.15,187.84,8204.46788,1513955.816,3167
4/17/2020,ETHTUSD,172.7,175.63,166.46,171.06,5565.001,949248.8557,2129
4/16/2020,ETHTUSD,152.5,177.33,148.5,172.49,16448.73714,2760863.795,6624
4/15/2020,ETHTUSD,158.53,161.5,152,152.96,3949.10876,621765.1947,1727
4/14/2020,ETHTUSD,157.19,162.03,155.67,158.42,6884.31695,1092133.588,2099
4/13/2020,ETHTUSD,158.49,159.17,150.01,156.68,9471.61643,1459955.86,2749
4/12/2020,ETHTUSD,158.97,165.25,155.38,158.7,4920.02012,794420.8806,1801
4/11/2020,ETHTUSD,158.2,161.43,154.24,158.69,4831.28883,766455.0711,1768
4/10/2020,ETHTUSD,169.2,170.15,152.46,157.58,13390.89006,2129601.983,4369
4/9/2020,ETHTUSD,173.21,173.51,164.9,169.75,4139.57471,703959.2656,1655
4/8/2020,ETHTUSD,164.74,174.55,163.69,173.07,5458.89868,928392.2663,3286
4/7/2020,ETHTUSD,171.22,176.24,162.26,164.52,15999.48431,2710990.423,4404
4/6/2020,ETHTUSD,143.42,171.96,143.08,171.64,12950.28611,2048735.02,4403
4/5/2020,ETHTUSD,144.78,145.76,140.81,142.85,4598.30369,658263.8901,1465
4/4/2020,ETHTUSD,141.15,146.6,139.12,144.37,4257.85076,607939.3589,2174
4/3/2020,ETHTUSD,141,146.85,137.86,141.4,7707.79022,1100237.842,2557
4/2/2020,ETHTUSD,136.25,150,135.6,141.55,9454.35622,1337617.376,3930
4/1/2020,ETHTUSD,133.14,137.24,128.85,135.97,5402.41475,715872.7689,2364
3/31/2020,ETHTUSD,132.15,135.42,130.64,133.32,5699.7902,756578.8726,2796
3/30/2020,ETHTUSD,124.51,135.65,124.15,132.26,9093.32881,1195748.84,3723
3/29/2020,ETHTUSD,132.02,132.12,123.85,124.36,15703.04915,2003770.969,4622
3/28/2020,ETHTUSD,131.15,133.17,124.88,131.28,16646.18117,2141645.811,4886
3/27/2020,ETHTUSD,138.96,141.87,129.95,131.35,13420.78585,1833868.657,3333
3/26/2020,ETHTUSD,136.6,140.2,133.61,138.85,14409.44282,1957161.729,3854
3/25/2020,ETHTUSD,138.6,142.77,132.86,136.33,17471.5448,2398680.271,4669
3/24/2020,ETHTUSD,136.55,144,133.11,138.91,22493.78963,3110344.422,6243
3/23/2020,ETHTUSD,122.22,138.17,119.47,136.55,20303.61761,2609385.407,6751
3/22/2020,ETHTUSD,132.59,137.41,121.36,122.4,23250.65778,2984707.386,6484
3/21/2020,ETHTUSD,133.31,137.56,125.77,132.81,19157.10887,2520469.286,6339
3/20/2020,ETHTUSD,138.07,153.02,116.6,133.4,28710.64297,3953985.624,9909
3/19/2020,ETHTUSD,118.57,143.52,115.89,137.04,27970.32668,3643364.869,8694
3/18/2020,ETHTUSD,116.04,118.84,110.28,118.7,19742.5119,2265595.328,6580
3/17/2020,ETHTUSD,111.31,121.47,109.67,116.39,18415.98958,2155599.077,5692
3/16/2020,ETHTUSD,123,123.88,100.77,111.28,44436.3192,4888537.597,12147
3/15/2020,ETHTUSD,122.28,133.88,119.65,123.48,16646.36428,2067690.596,6496
3/14/2020,ETHTUSD,135.73,135.73,120.69,122.18,16736.42041,2153522.565,7992
3/13/2020,ETHTUSD,108.13,140,85.73,135.53,36104.12632,4395347.512,17460
3/12/2020,ETHTUSD,194.93,195.67,101.02,108.29,73018.77756,10327113.72,20929
3/11/2020,ETHTUSD,200.38,202.94,181.73,194.6,13170.81221,2537174.464,4522
3/10/2020,ETHTUSD,202.95,206.22,195.71,200.3,29543.30241,5954666.045,6358
3/9/2020,ETHTUSD,199.67,208.36,189.99,203.02,30414.60188,6071812.513,8093
3/8/2020,ETHTUSD,237.36,237.36,195.57,199.36,21851.54633,4807179.118,6798
3/7/2020,ETHTUSD,245.93,252.19,236.5,237.38,6116.34498,1485282.114,2693
3/6/2020,ETHTUSD,228.7,245.82,227.63,245.5,7295.11448,1729617.544,3649
3/5/2020,ETHTUSD,224.57,233.95,224.57,228.7,9303.60158,2141194.468,3274
3/4/2020,ETHTUSD,223.63,228.75,220.46,223.8,5820.08474,1301879.495,2302
3/3/2020,ETHTUSD,232.24,232.59,219.96,223.81,10133.31888,2298050.809,4193
3/2/2020,ETHTUSD,217.59,234.02,215.67,232.18,9859.31324,2232452.588,3294
3/1/2020,ETHTUSD,217.12,227.78,212.21,217.47,13927.88849,3064683.227,5333
2/29/2020,ETHTUSD,227.14,232.92,216.96,217.12,11821.12139,2670786.29,3301
2/28/2020,ETHTUSD,227.73,234.23,213.78,227.23,18132.83017,4075345.812,6236
2/27/2020,ETHTUSD,223.09,238.08,209.98,227.5,44429.18976,10027374.79,10594
2/26/2020,ETHTUSD,245.98,249.98,215.12,223.73,49979.94823,11652650.98,11728
2/25/2020,ETHTUSD,265.45,266.03,244.46,246.25,26317.0213,6670656.44,6018
2/24/2020,ETHTUSD,275.48,278,257.04,265.41,16976.73598,4531313.654,4899
2/23/2020,ETHTUSD,262.03,276.53,261.65,275.62,10639.39454,2875754.002,3429
2/22/2020,ETHTUSD,265.65,266.89,256.04,262.17,16766.94845,4385870.201,2768
2/21/2020,ETHTUSD,257.43,268.32,253.81,265.59,27425.87101,7191284.289,4888
2/20/2020,ETHTUSD,258.03,264.36,245.89,257.3,19382.90715,4955703.359,6018
2/19/2020,ETHTUSD,283.14,285,252.37,258.9,9072.72966,2445903.139,4639
2/18/2020,ETHTUSD,267.89,286.34,259.09,282.82,22263.72462,6063280.124,8568
2/17/2020,ETHTUSD,259.11,268.54,236.45,267.33,29487.75419,7460315.308,10632
2/16/2020,ETHTUSD,264.73,273.82,237.21,258.96,33575.28829,8715744.348,11317
2/15/2020,ETHTUSD,285.75,289.17,261.65,264.81,24452.96522,6760938.156,9060
2/14/2020,ETHTUSD,268.24,287.8,259.91,285.95,24527.90125,6676733.424,7704
2/13/2020,ETHTUSD,266.4,278,255.57,268.67,31352.13047,8439659.417,9817
2/12/2020,ETHTUSD,238.16,275.97,238.06,266.23,31634.47927,8020049.511,7204
2/11/2020,ETHTUSD,222.93,239.52,218.02,237.45,25939.47364,5948287.433,6114
2/10/2020,ETHTUSD,228.69,229.6,216.46,222.82,20122.63289,4471610.109,5486
2/9/2020,ETHTUSD,223.09,230.86,223.09,228.78,11299.2238,2570586.51,4365
2/8/2020,ETHTUSD,223.33,227.76,212.96,223.29,11796.48714,2627789.099,4944
2/7/2020,ETHTUSD,213.69,224.31,213.69,223.23,15440.3828,3400465.854,3583
2/6/2020,ETHTUSD,203.91,216.15,201.15,212.74,12643.10719,2658722.43,3417
2/5/2020,ETHTUSD,188.36,207.47,187.76,203.66,14751.88159,2937300.787,4231
2/4/2020,ETHTUSD,189.37,191.1,184.3,188.36,6969.30237,1305001.771,1919
2/3/2020,ETHTUSD,188.01,195,186.57,189.71,10183.7059,1926053.671,2187
2/2/2020,ETHTUSD,183.32,193.26,179.01,188.4,5562.90736,1043022.989,1884
2/1/2020,ETHTUSD,180.01,183.91,179.11,183.49,4060.30662,736761.3403,1359
1/31/2020,ETHTUSD,184.56,185.47,174.97,179.38,5171.45632,932777.2188,1782
1/30/2020,ETHTUSD,173.01,186.58,170.43,184.45,4688.04166,840522.4735,2013
1/29/2020,ETHTUSD,176.12,178.4,173.11,173.38,3523.19647,620655.2138,1429
1/28/2020,ETHTUSD,169.92,176.33,169.77,175.7,5169.83934,891640.0547,1944
1/27/2020,ETHTUSD,167.62,171.54,164.93,169.68,2924.14502,494173.7628,1452
1/26/2020,ETHTUSD,159.93,167.68,159.16,167.64,3070.17035,499859.5533,1437
1/25/2020,ETHTUSD,161.71,162.27,157.24,159.87,3170.08916,506898.8842,1331
1/24/2020,ETHTUSD,162.55,164.04,155.23,162.25,4131.25202,662707.1695,1703
1/23/2020,ETHTUSD,167.43,167.43,158.71,162.7,6523.68761,1059839.498,2579
1/22/2020,ETHTUSD,169.55,171,165.64,167.6,3005.04831,505794.3655,1458
1/21/2020,ETHTUSD,166.59,170,164.57,169.1,3056.60346,512008.7287,1398
1/20/2020,ETHTUSD,166.81,169.22,161.1,166.72,3358.22817,552279.5329,1198
1/19/2020,ETHTUSD,173.97,177.66,161.77,166.72,5069.10863,850803.0056,1952
1/18/2020,ETHTUSD,169.74,179.13,165,173.94,4823.0649,836137.39,1960
1/17/2020,ETHTUSD,164.38,174.26,162.14,169.74,4878.34936,823941.1413,2302
1/16/2020,ETHTUSD,166.76,167,158.05,164.08,4056.71499,655888.9501,1621
1/15/2020,ETHTUSD,165.62,171.68,158.92,166.16,9045.05317,1496316.789,3738
1/14/2020,ETHTUSD,143.68,170.82,143.68,165.67,14544.68876,2301368.215,4220
1/13/2020,ETHTUSD,146.72,147.03,142.32,143.5,4137.48069,593417.7303,947
1/12/2020,ETHTUSD,142.32,146.54,141.84,146.54,1856.37075,267765.4026,775
1/11/2020,ETHTUSD,144.31,147.92,142.07,142.6,2706.77766,390492.8134,989
1/10/2020,ETHTUSD,137.78,145,135.05,144.5,3164.50971,443705.8822,1078
1/9/2020,ETHTUSD,140.43,141.34,135.44,137.79,10870.42168,1514090.153,2472
1/8/2020,ETHTUSD,142.85,147.78,137,140.47,5128.01397,722189.6513,1756
1/7/2020,ETHTUSD,144.41,145.25,138.65,143.23,2938.24131,420161.0206,1029
1/6/2020,ETHTUSD,135.25,144.32,134.81,143.64,3059.5349,430964.8531,1104
1/5/2020,ETHTUSD,134.43,138,134.21,135.26,2471.29366,336722.5847,591
1/4/2020,ETHTUSD,134.44,135.48,132.35,133.86,2117.07202,282749.762,614
1/3/2020,ETHTUSD,126.81,134.83,125.38,133.84,5863.35888,769590.9654,2090
1/2/2020,ETHTUSD,130.05,130.3,126,126.7,1345.10066,172153.397,754
1/1/2020,ETHTUSD,128.53,132.33,128.19,130.23,1136.84271,148399.0734,425
12/31/2019,ETHTUSD,130.95,133.21,127.74,128.78,1940.88255,252404.0952,786
12/30/2019,ETHTUSD,133.66,135.36,129.84,131.13,2090.24595,276914.404,727
12/29/2019,ETHTUSD,127.74,137.5,127.21,134.37,2480.63846,329011.1078,775
12/28/2019,ETHTUSD,126.22,129.25,125.95,127.69,1605.30707,204813.5963,461
12/27/2019,ETHTUSD,125.44,126.51,122.03,126.19,3098.97654,387940.6381,1010
12/26/2019,ETHTUSD,125.01,131.99,124.23,125.37,2095.27266,266501.9985,642
12/25/2019,ETHTUSD,127.55,127.6,123.32,124.95,2724.17739,341154.232,759
12/24/2019,ETHTUSD,127.68,129.44,126.62,127.68,2249.3145,287544.302,574
12/23/2019,ETHTUSD,132.35,135.24,126.23,128.06,3281.86644,432337.5541,937
12/22/2019,ETHTUSD,127.11,133.06,126.9,132.25,5264.16105,685883.7023,901
12/21/2019,ETHTUSD,128.27,128.39,126.7,126.87,2553.22713,324928.1562,537
12/20/2019,ETHTUSD,128.17,129.32,125.87,128.15,3467.70221,442436.7678,831
12/19/2019,ETHTUSD,133.05,133.83,124.99,128.09,15573.47932,1991182.823,2350
12/18/2019,ETHTUSD,121.84,134.56,116.24,132.7,19293.09156,2436340.09,3416
12/17/2019,ETHTUSD,132.49,132.49,119.23,121.65,9947.10772,1257876.175,2185
12/16/2019,ETHTUSD,142.39,142.39,129.12,132.18,3763.55478,509444.7855,1339
12/15/2019,ETHTUSD,141.5,143.58,139.95,142.44,2145.13586,304615.5897,530
12/14/2019,ETHTUSD,144.76,144.94,141.08,141.81,3098.08879,441804.57,651
12/13/2019,ETHTUSD,144.91,145.06,142.86,144.65,3007.85171,433223.2455,661
12/12/2019,ETHTUSD,143.29,145.64,139.17,144.58,3499.88922,499753.8891,822
12/11/2019,ETHTUSD,145.75,146.14,142,143,1828.50146,263081.1807,442
12/10/2019,ETHTUSD,147.29,148.33,143.84,145.56,2375.11461,348284.4178,612
12/9/2019,ETHTUSD,150.57,151.23,146.62,147.36,1668.88495,248706.0784,961
12/8/2019,ETHTUSD,147.01,151.73,146.33,150.52,1383.85404,207045.5028,830
12/7/2019,ETHTUSD,148.78,149.45,147.14,147.37,1490.47573,221195.9059,427
12/6/2019,ETHTUSD,148.31,149.56,145.67,148.78,3455.90352,510686.3172,616
12/5/2019,ETHTUSD,145.09,148.93,143.72,147.87,2849.21664,417498.0133,690
12/4/2019,ETHTUSD,146.67,152,143.29,145.14,3951.34602,583298.9694,1212
12/3/2019,ETHTUSD,149.15,149.98,145.92,147.54,1395.28255,206629.8642,436
12/2/2019,ETHTUSD,151.06,151.18,146.94,149.13,1847.12657,274376.7959,522
12/1/2019,ETHTUSD,150.89,152.32,145.83,151.37,2859.36364,425970.7146,752
11/30/2019,ETHTUSD,154.27,155.03,150.06,151.82,2080.94341,317232.2422,507
11/29/2019,ETHTUSD,151.44,157.6,151.15,154.22,5778.36744,891787.8472,1209
11/28/2019,ETHTUSD,152.91,154.33,149.21,150.88,4035.99201,614843.2354,1124
11/27/2019,ETHTUSD,147.85,155.48,141.11,153.3,7314.94803,1077867.807,2258
11/26/2019,ETHTUSD,146.04,149.71,143.4,147.31,3803.5427,560189.725,1099
11/25/2019,ETHTUSD,140.67,151.41,131.66,146.09,5913.97076,841614.8922,2108
11/24/2019,ETHTUSD,152.37,152.64,138.89,140.31,1924.49211,281109.7895,992
11/23/2019,ETHTUSD,149.28,154.22,146.32,152.19,4454.46662,671397.691,1455
11/22/2019,ETHTUSD,160.9,162.45,138.71,149.75,10088.62399,1518762.713,3901
11/21/2019,ETHTUSD,174.47,175.17,156.23,160,3850.72996,637146.048,1303
11/20/2019,ETHTUSD,175.39,177.11,173.2,174.47,2662.15957,466750.9494,765
11/19/2019,ETHTUSD,177.47,178.1,172.56,175.39,1983.76281,347817.1259,747
11/18/2019,ETHTUSD,183.71,183.78,174.53,177.7,2111.125,381222.5329,772
11/17/2019,ETHTUSD,182.07,186,180.08,183.44,2487.8938,456274.4699,681
11/16/2019,ETHTUSD,179.84,183.14,179.13,182.08,2371.93564,429481.5852,909
11/15/2019,ETHTUSD,184.71,186.64,177.1,179.86,2561.79484,463543.3361,1443
11/14/2019,ETHTUSD,187.72,187.74,182.86,184.49,1590.26604,293576.8043,722
11/13/2019,ETHTUSD,187.03,189.08,184.71,187.61,1199.94182,224851.7475,538
11/12/2019,ETHTUSD,184.46,187.26,180.02,186.75,1623.61186,299062.2442,644
11/11/2019,ETHTUSD,189.13,189.97,183.81,184.88,1885.81966,352414.0421,702
11/10/2019,ETHTUSD,184.63,191.5,183.56,188.99,3161.40305,593428.5644,1414
11/9/2019,ETHTUSD,183.7,185.53,182.81,185.2,1488.15444,274794.7786,618
11/8/2019,ETHTUSD,186.3,187.9,180.76,183.78,2025.09073,371500.5718,861
11/7/2019,ETHTUSD,191.09,192.15,184.46,186.84,2312.0496,432200.2555,1190
11/6/2019,ETHTUSD,188.9,194.66,187.99,191.2,2056.18918,392850.2643,856
11/5/2019,ETHTUSD,186.25,192.96,182.01,188.9,4497.05505,842105.5401,1691
11/4/2019,ETHTUSD,181.79,189.04,180.21,186.28,2828.00146,524889.3234,1045
11/3/2019,ETHTUSD,183.34,184.72,179.25,182.07,1012.43002,184728.1522,523
11/2/2019,ETHTUSD,183.39,185.98,181.93,183.2,1136.51989,208374.6532,593
11/1/2019,ETHTUSD,182.14,184.6,177.6,183.39,1908.2569,346519.5381,908
10/31/2019,ETHTUSD,183.35,185.47,177.85,182.32,2842.71459,517368.5498,1300
10/30/2019,ETHTUSD,190.95,191.68,180.01,183.17,3284.75106,607896.3458,1269
10/29/2019,ETHTUSD,182.02,192.91,182.02,190,4504.18033,845359.527,1723
10/28/2019,ETHTUSD,184.54,189.9,180.55,181.95,4530.92442,834195.4303,1752
10/27/2019,ETHTUSD,180.26,188.99,177.01,184.31,9731.96632,1790904.407,3128
10/26/2019,ETHTUSD,182.08,198.53,174.14,179.5,7893.8828,1465598.219,4603
10/25/2019,ETHTUSD,160.63,188.94,160.48,181.71,5219.97358,920990.9923,3408
10/24/2019,ETHTUSD,162.85,164.26,158.84,160.68,2592.94501,418290.8684,1229
10/23/2019,ETHTUSD,171.36,171.5,153.01,162.67,4825.34857,780059.4738,2405
10/22/2019,ETHTUSD,174.02,175.23,170.5,171.41,1265.61798,218784.2925,603
10/21/2019,ETHTUSD,175.31,178.34,171.75,174.2,2833.22801,497171.3146,976
10/20/2019,ETHTUSD,171.53,176.71,169.66,175.32,2111.3148,366663.1536,864
10/19/2019,ETHTUSD,173.2,175.08,169.87,171.95,1316.93442,227288.9033,950
10/18/2019,ETHTUSD,177.34,177.5,168.59,172.92,1831.13828,315492.2702,1501
10/17/2019,ETHTUSD,174.34,178.9,172.76,177.28,3888.73017,678744.5879,1337
10/16/2019,ETHTUSD,180.33,181.32,171.5,175.08,4389.31724,776856.6406,1786
10/15/2019,ETHTUSD,187,188.52,176,180.61,3059.17968,555154.7288,1716
10/14/2019,ETHTUSD,181.03,187.57,180.47,186.69,1438.90553,265198.5377,971
10/13/2019,ETHTUSD,179.24,184.64,178.81,181.25,1264.8014,230408.3384,801
10/12/2019,ETHTUSD,181.23,184.59,177.72,179.79,1839.92044,334501.6251,1448
10/11/2019,ETHTUSD,191.83,197.46,179.56,180.69,4370.02928,813915.6228,1798
10/10/2019,ETHTUSD,193.63,194.38,187.11,191.58,3111.47839,594640.1442,1032
10/9/2019,ETHTUSD,181.4,196,179.28,193.88,4099.40223,776304.4124,1786
10/8/2019,ETHTUSD,180.36,185.02,177.25,180.81,1977.92574,358039.1927,915
10/7/2019,ETHTUSD,170.23,182.5,168.9,180.23,4381.85372,778246.1429,1460
10/6/2019,ETHTUSD,176.59,176.98,167.62,170.17,3337.47867,571930.4622,1415
10/5/2019,ETHTUSD,175.92,176.96,172.21,176.25,2656.83638,465651.2892,939
10/4/2019,ETHTUSD,174.89,179.2,171.17,175.99,2443.44415,429922.6297,877
10/3/2019,ETHTUSD,180.88,180.94,169.87,174.81,3728.3694,654673.8124,1015
10/2/2019,ETHTUSD,176.13,181.25,174.26,180.88,1444.61731,255788.463,673
10/1/2019,ETHTUSD,181.68,186.08,174,176.36,4324.06423,778819.5166,1549
9/30/2019,ETHTUSD,169.65,181.78,165.35,180.97,2903.83347,502101.5497,1408
9/29/2019,ETHTUSD,173.31,174.2,164.79,169.56,2072.36431,350350.1614,925
9/28/2019,ETHTUSD,174.14,175.83,168.52,174.12,3531.86105,610960.3875,1112
9/27/2019,ETHTUSD,166.04,177.12,161.3,173.76,4609.56187,773891.7692,1858
9/26/2019,ETHTUSD,169.46,170.96,152.4,165.75,3434.21741,561766.8353,1945
9/25/2019,ETHTUSD,166.54,175,162.34,170.22,7308.00422,1224460.481,3324
9/24/2019,ETHTUSD,200.66,202.5,152.35,166.28,14678.71831,2564124.356,5498
9/23/2019,ETHTUSD,210.63,211.21,198,200.86,3439.90328,709661.5326,1475
9/22/2019,ETHTUSD,214.69,215,205.57,210.71,2165.65417,454026.5081,1216
9/21/2019,ETHTUSD,217.58,221.15,213.36,215.39,1218.92605,263946.5975,599
9/20/2019,ETHTUSD,220.84,221.05,211.93,218.07,2847.81548,615693.7759,1133
9/19/2019,ETHTUSD,209.89,224.14,202.58,220.5,4922.18892,1050781.988,2035
9/18/2019,ETHTUSD,208.2,217.15,208.2,210.36,3434.60553,730360.6675,1433
9/17/2019,ETHTUSD,197.78,215.33,196.15,207.79,11916.07105,2433168.169,3299
9/16/2019,ETHTUSD,189.98,199.39,188.45,197.66,3513.18167,680528.3604,1291
9/15/2019,ETHTUSD,189.31,190.73,186.41,189.31,1773.95708,334150.2863,694
9/14/2019,ETHTUSD,181.56,188.93,180.11,188.52,2115.48236,390027.0556,889
9/13/2019,ETHTUSD,181.05,181.56,177.55,181.32,1925.25407,345310.5025,771
9/12/2019,ETHTUSD,178.7,182.5,175.72,181.04,3017.55424,539535.3926,907
9/11/2019,ETHTUSD,179.86,182.5,174.02,178.41,2339.5299,416841.9975,975
9/10/2019,ETHTUSD,181.55,184.27,176.73,180,1906.31467,344119.9857,964
9/9/2019,ETHTUSD,181.16,185.96,176.01,181.25,2610.87169,470458.1554,1145
9/8/2019,ETHTUSD,178.12,184.29,176.9,181.47,2992.83698,542210.8722,1165
9/7/2019,ETHTUSD,169.03,180.94,168.48,178.3,2712.56069,480953.8692,1237
9/6/2019,ETHTUSD,174.13,178.13,164.51,169.36,3699.50642,641126.9969,1751
9/5/2019,ETHTUSD,174.48,175.83,169.51,174.14,2538.99918,439033.9796,992
9/4/2019,ETHTUSD,178.86,180,173.6,175.08,3125.25941,552854.6915,1366
9/3/2019,ETHTUSD,178.66,182.97,174.44,178.58,3696.99417,661335.6651,1514
9/2/2019,ETHTUSD,170.98,181.34,170.43,178.39,3145.17292,551291.8831,1165
9/1/2019,ETHTUSD,171.62,174.2,168,170.98,1821.88724,312634.584,823
8/31/2019,ETHTUSD,168.3,174.55,166,171.54,747.58488,126841.809,423
8/30/2019,ETHTUSD,169.03,170.38,165.6,168.28,938.56434,158010.141,717
8/29/2019,ETHTUSD,172.82,191.17,163.68,168.46,3638.66172,616225.0779,1845
8/28/2019,ETHTUSD,186.71,188.22,166,172.96,4100.8075,729734.6272,2002
8/27/2019,ETHTUSD,188.18,188.98,184.53,187.21,4582.52962,851093.9401,1940
8/26/2019,ETHTUSD,186.56,193.79,185.58,188.55,2636.23369,498904.117,1299
8/25/2019,ETHTUSD,190.63,192.9,183.2,186.71,1863.11877,349899.1198,1088
8/24/2019,ETHTUSD,194.11,194.11,185.76,190.48,2095.79452,396659.7742,1375
8/23/2019,ETHTUSD,190.42,196.58,188.2,194.23,3141.8802,606484.6476,2285
8/22/2019,ETHTUSD,187.7,194.86,182.83,190.42,2801.34804,529038.9556,1738
8/21/2019,ETHTUSD,197.02,197.02,180.45,187.22,3730.35736,697178.0067,1794
8/20/2019,ETHTUSD,202.5,202.63,194.36,196.63,4163.29521,821260.762,1288
8/19/2019,ETHTUSD,194.52,203.5,192.75,202.75,2879.60311,572255.9326,1716
8/18/2019,ETHTUSD,186.36,198,183.41,194.51,1954.84025,377215.0071,1504
8/17/2019,ETHTUSD,185.42,186.48,182.05,185.48,734.34714,135393.8529,704
8/16/2019,ETHTUSD,187.68,188.02,178.6,185.37,5071.93818,931689.9458,3190
8/15/2019,ETHTUSD,187.04,189.25,181.26,188.15,3050.90994,563973.2857,2141
8/14/2019,ETHTUSD,208.11,208.83,182.56,186.22,4525.29052,875705.5543,3315
8/13/2019,ETHTUSD,211.01,211.05,189,208.35,3705.3382,766625.0616,1748
8/12/2019,ETHTUSD,216.09,216.09,209.61,211.04,1195.38252,253736.004,807
8/11/2019,ETHTUSD,206,216.51,206,216.2,2093.19456,442271.0275,1480
8/10/2019,ETHTUSD,210.82,214.54,200.66,206.1,2913.21228,601373.9411,2134
8/9/2019,ETHTUSD,221.22,221.34,206.71,210.19,3112.88024,660535.7041,2129
8/8/2019,ETHTUSD,226.08,226.36,214.16,221.39,2564.25562,566410.0145,1726
8/7/2019,ETHTUSD,225.77,231.02,220.75,226.08,2789.56211,628528.7025,2050
8/6/2019,ETHTUSD,232.53,239.3,222.04,226.01,6655.11336,1520249.011,3721
8/5/2019,ETHTUSD,222.94,236.35,222.94,233.14,5334.39341,1233511.213,2792
8/4/2019,ETHTUSD,222.25,223.56,217.42,222.81,3371.45183,743056.9636,1390
8/3/2019,ETHTUSD,217.62,224.74,216.76,222.22,1629.04293,360395.6418,1394
8/2/2019,ETHTUSD,217.34,222.57,215.07,217.47,2126.44858,464144.8248,1395
8/1/2019,ETHTUSD,218.78,219.48,211.1,217.1,3708.58763,794086.7405,1782
7/31/2019,ETHTUSD,209.56,225.99,209.55,218.79,3212.73925,695497.0961,1496
7/30/2019,ETHTUSD,210.49,214.41,204.48,210.44,3634.798,759041.9084,1432
7/29/2019,ETHTUSD,211.77,215.43,206.02,210.42,4757.24905,1000583.798,1470
7/28/2019,ETHTUSD,206.96,213.51,197.73,211.14,3038.16301,626728.1878,1650
7/27/2019,ETHTUSD,218.85,223.56,202.85,206.78,3800.92865,804556.652,2263
7/26/2019,ETHTUSD,219.1,220.25,213.13,219.43,2418.97123,524638.821,1287
7/25/2019,ETHTUSD,216.04,225.4,215.69,219.42,4704.30717,1041920.036,2347
7/24/2019,ETHTUSD,210.98,217.7,201.13,217.15,6127.94813,1285149.802,2912
7/23/2019,ETHTUSD,216.9,219.53,208.62,211.63,3663.69127,781455.437,2695
7/22/2019,ETHTUSD,225.44,228.23,211.85,217.05,5035.35392,1114411.347,3383
7/21/2019,ETHTUSD,228.49,229.86,217,225.28,4418.38915,986973.0733,3341
7/20/2019,ETHTUSD,221.35,236,219.9,228.86,4434.6765,1018500.192,3641
7/19/2019,ETHTUSD,226.13,226.55,213.05,221.09,5343.4548,1174799.697,4117
7/18/2019,ETHTUSD,211.25,229.79,206.07,226.3,19960.16751,4353122.381,8370
7/17/2019,ETHTUSD,199.01,219.83,192.01,211.34,22542.6637,4683141.611,10829
7/16/2019,ETHTUSD,228.43,234.46,191.7,198.58,14113.2755,2949424.379,10192
7/15/2019,ETHTUSD,226.07,235.56,203.39,228.67,21719.36354,4881141.15,11342
7/14/2019,ETHTUSD,269.45,269.9,222.55,226.07,9003.93227,2164902.021,8536
7/13/2019,ETHTUSD,275.22,275.95,262.15,269.52,2524.63158,676287.5756,2481
7/12/2019,ETHTUSD,268.39,279,266.66,275.22,2655.98791,724586.6516,3031
7/11/2019,ETHTUSD,288.62,288.62,261,268.38,6388.63128,1739853.031,6040
7/10/2019,ETHTUSD,307.49,314.97,280.92,288.76,6329.02604,1854493.097,7025
7/9/2019,ETHTUSD,313.79,318.68,303.04,307.86,5954.05098,1858688.095,5210
7/8/2019,ETHTUSD,307.28,314.92,302.63,313.35,8213.40474,2550994.543,5176
7/7/2019,ETHTUSD,288.33,311.34,284.91,306.91,3502.88738,1056756.094,3417
7/6/2019,ETHTUSD,287.91,298.06,282.3,288.34,1669.97612,486472.0076,2495
7/5/2019,ETHTUSD,282.82,295,280,287.65,8717.28908,2501744.332,4576
7/4/2019,ETHTUSD,301.48,304.01,280,283.17,10738.35144,3159025.008,6843
7/3/2019,ETHTUSD,292.2,303.45,289.88,301.82,5000.75641,1482614.023,5386
7/2/2019,ETHTUSD,294.06,296.36,271.86,291.11,6849.21042,1931338.166,7052
7/1/2019,ETHTUSD,289.87,301.63,278.76,293.94,8288.47045,2402307.943,7858
6/30/2019,ETHTUSD,317.12,322.64,285.02,289.19,6277.7503,1897465.238,6299
6/29/2019,ETHTUSD,310.39,324.13,292.07,318.73,6214.74033,1898034.922,6204
6/28/2019,ETHTUSD,294.05,313.91,289.76,310.21,7210.26815,2188230.37,7027
6/27/2019,ETHTUSD,335.02,343.68,275,294,19078.65312,5729244.863,17343
6/26/2019,ETHTUSD,316.34,363.31,313.28,335.02,21912.97197,7356075.977,15870
6/25/2019,ETHTUSD,311.5,317.69,306.67,316.48,4452.49927,1389402.389,3671
6/24/2019,ETHTUSD,307.07,313.54,297.03,310.86,5115.64897,1566008.226,3533
6/23/2019,ETHTUSD,309.96,320.13,305,307.92,10119.00166,3154407.548,5598
6/22/2019,ETHTUSD,295.43,315.97,292.71,310.35,12759.27906,3907642.888,10087
6/21/2019,ETHTUSD,271.96,297.39,271.96,295.24,7971.57613,2274877.872,5290
6/20/2019,ETHTUSD,269.37,274.65,266.52,272.03,3014.65503,812842.5987,2044
6/19/2019,ETHTUSD,265.21,270.4,258.78,269.03,4274.28631,1142040.984,2153
6/18/2019,ETHTUSD,274.18,274.4,261.55,264.81,7275.44324,1936494.734,3974
6/17/2019,ETHTUSD,269.66,275.68,267.81,273.7,4027.64267,1096074.777,2911
6/16/2019,ETHTUSD,269.69,279,262.43,268.75,7299.94343,1982607.656,4285
6/15/2019,ETHTUSD,264.1,276,261,268.72,6676.82396,1790191.399,3138
6/14/2019,ETHTUSD,256.42,265.74,252.5,264.06,3738.77356,965693.3359,1988
6/13/2019,ETHTUSD,262.26,264.39,254.23,255.2,4984.63993,1294398.838,2386
6/12/2019,ETHTUSD,245.32,263.3,243.08,262.73,6660.79079,1683189.804,3058
6/11/2019,ETHTUSD,248.18,249.16,235.04,245.2,6145.14819,1491730.108,2848
6/10/2019,ETHTUSD,231.26,248.49,227.54,247.75,11379.30445,2723577.449,3233
6/9/2019,ETHTUSD,244.37,245.23,227.01,232.07,11768.13009,2770373.497,4132
6/8/2019,ETHTUSD,249.77,251.41,241.79,244.37,6091.0366,1506249.023,2015
6/7/2019,ETHTUSD,249.62,254.03,244.07,250.9,16859.97537,4202086.474,4309
6/6/2019,ETHTUSD,245.76,251.66,235.04,248.61,11509.46052,2796788.072,2666
6/5/2019,ETHTUSD,240.78,249,237.76,246.16,14322.14478,3470238.748,3990
6/4/2019,ETHTUSD,249.66,250.56,230.86,240.45,25921.78625,6247123.934,9510
6/3/2019,ETHTUSD,269.29,270.55,247,249.66,8966.44167,2321724.43,4536
6/2/2019,ETHTUSD,264.27,273.9,264.27,269.82,3085.86655,831558.0777,2236
6/1/2019,ETHTUSD,268.48,275.02,260.96,264.89,6946.04939,1861621.828,3821
5/31/2019,ETHTUSD,254.73,268.85,244.8,268.34,14569.76775,3760564.952,6688
5/30/2019,ETHTUSD,269.51,288.94,237.54,254.62,27152.17549,7316771.371,13148
5/29/2019,ETHTUSD,271.52,274.2,259.9,269.44,6411.43597,1723980.034,4647
5/28/2019,ETHTUSD,271.48,276.32,265.04,271.48,8321.11386,2256490.672,5147
5/27/2019,ETHTUSD,268.01,279.9,257.64,271.25,14031.75043,3767624.252,7820
5/26/2019,ETHTUSD,251.84,271.13,246.51,267.92,12510.42315,3236054.141,6237
5/25/2019,ETHTUSD,249.58,258.99,248.57,252.1,6685.44973,1694881.738,3300
5/24/2019,ETHTUSD,245.79,255.88,242.49,249.88,7007.42769,1754823.123,4578
5/23/2019,ETHTUSD,243.37,248.2,231.64,245.78,10794.7962,2599266.374,5156
5/22/2019,ETHTUSD,254.83,261.76,240.2,243.47,12555.29667,3147823.562,7486
5/21/2019,ETHTUSD,252.26,265.11,247.86,255.06,15074.70975,3843988.69,8048
5/20/2019,ETHTUSD,260.6,260.6,235.1,253.02,19303.43909,4831642.708,9692
5/19/2019,ETHTUSD,233.85,265.15,232.3,261,26960.3131,6822657.208,11264
5/18/2019,ETHTUSD,244.8,250,231.46,234.27,11323.47835,2703061.712,5878
5/17/2019,ETHTUSD,264.41,269.69,223.26,244.68,29987.20208,7199193.376,16764
5/16/2019,ETHTUSD,249.7,280,240,265.26,39619.97067,10330322.73,17104
5/15/2019,ETHTUSD,217.31,251.3,210.5,248.79,13210.24405,3108134.75,6965
5/14/2019,ETHTUSD,196.4,228.4,195.04,217.07,17621.48663,3660737.586,7522
5/13/2019,ETHTUSD,187.19,208.57,184.77,196.48,14722.9854,2904582.541,5943
5/12/2019,ETHTUSD,190,205.09,175.42,187.7,23445.60238,4489429.485,7086
5/11/2019,ETHTUSD,171.7,205.01,170,190,22231.27672,4224630.592,8109
5/10/2019,ETHTUSD,169.42,175.08,166.69,171.6,4568.38164,786167.1527,2914
5/9/2019,ETHTUSD,168.87,172.3,159,169.42,4957.97509,830878.9711,2489
5/8/2019,ETHTUSD,165.97,171.9,162.25,169.29,7063.49463,1183159.012,2479
5/7/2019,ETHTUSD,171.79,180.99,165.38,165.97,14249.25567,2496523.786,4272
5/6/2019,ETHTUSD,161.22,175.98,157.58,171.18,12316.93723,2078182.978,3639
5/5/2019,ETHTUSD,162.48,163.68,157.32,161.13,3256.74567,525067.9816,1303
5/4/2019,ETHTUSD,164.95,168.27,157.59,162,5505.81543,890453.2318,1917
5/3/2019,ETHTUSD,158.75,169,157.65,164.86,7726.72404,1267717.61,2697
5/2/2019,ETHTUSD,158.19,160.15,156.05,158.79,3377.73886,533747.167,1029
5/1/2019,ETHTUSD,160.39,162.9,156.2,157.6,5267.55637,834915.8461,1340
4/30/2019,ETHTUSD,152.29,160.78,152.23,160.23,6960.53893,1089732.266,2179
4/29/2019,ETHTUSD,152.99,154.47,146.67,152.08,5268.33499,798174.1563,1952
4/28/2019,ETHTUSD,155.26,156.11,152.35,152.99,2790.77656,431323.9853,948
4/27/2019,ETHTUSD,151.95,157.3,151.03,155.26,2926.66971,452443.9691,1211
4/26/2019,ETHTUSD,151.78,154.25,139.16,151.66,11847.23511,1783357.293,5114
4/25/2019,ETHTUSD,165.23,166,146.53,151.83,8676.34208,1352305.949,3390
4/24/2019,ETHTUSD,170.02,170.9,159.46,165.89,7214.09242,1190825.423,2795
4/23/2019,ETHTUSD,171.41,181,0.03,170.78,12647.49904,1675207.71,2138
4/22/2019,ETHTUSD,170.13,173.6,168.5,171.56,2754.29704,471902.1682,1069
4/21/2019,ETHTUSD,174.04,174.5,166.35,170.1,5359.72554,913601.1785,2036
4/20/2019,ETHTUSD,173.3,178,170.86,173.71,11568.22807,2019515.068,1889
4/19/2019,ETHTUSD,173.59,174.32,169.49,173.27,3681.3023,634130.4675,1184
4/18/2019,ETHTUSD,166.41,176,166.3,174.04,3205.17376,553250.757,1630
4/17/2019,ETHTUSD,166.44,168.22,164.8,166.62,1967.58353,326062.1738,754
4/16/2019,ETHTUSD,160.21,167.88,159.64,166.44,2734.69751,448128.5272,1261
4/15/2019,ETHTUSD,168.75,169,156.07,160.62,4367.90712,709851.655,1867
4/14/2019,ETHTUSD,163.64,169,162.01,168.19,2580.2442,424933.7498,1035
4/13/2019,ETHTUSD,164,166.16,162.22,163.96,1512.9261,248606.5775,718
4/12/2019,ETHTUSD,164.72,167.6,159.07,164.15,4081.96432,669948.5174,1997
4/11/2019,ETHTUSD,177.88,178.08,160.01,165.2,10337.80892,1730684.996,4288
4/10/2019,ETHTUSD,175.94,185.25,170.5,177.85,10436.83823,1861408.459,3857
4/9/2019,ETHTUSD,180.48,180.82,174.22,175.9,11381.76594,2015806.46,4303
4/8/2019,ETHTUSD,174.85,187.19,174.07,180.64,17560.96899,3164945.009,7925
4/7/2019,ETHTUSD,165.89,176.63,164.36,174.87,6140.04414,1046757.632,2287
4/6/2019,ETHTUSD,165.48,173.27,159.4,165.36,10241.39846,1703406.667,3450
4/5/2019,ETHTUSD,158.27,170,156.62,165.79,4148.6631,679183.9618,1991
4/4/2019,ETHTUSD,161.21,165.34,153.16,157.84,9875.218,1578804.953,5020
4/3/2019,ETHTUSD,164.6,179.8,151.02,161.21,36200.33239,6128137.495,14536
4/2/2019,ETHTUSD,141.17,167.27,133.64,164.64,19773.98185,3023624.631,8036
4/1/2019,ETHTUSD,141.2,143.06,139.03,141.38,6815.89966,965934.1161,1046
3/31/2019,ETHTUSD,141.84,141.84,140.23,141.2,1994.22141,280916.375,450
3/30/2019,ETHTUSD,143.02,145.4,140.08,142.06,1912.9025,272386.4723,739
3/29/2019,ETHTUSD,137.43,143.29,135.47,142.5,3520.95459,493027.3423,951
3/28/2019,ETHTUSD,139.14,139.14,136.79,137.76,3198.16436,439791.9703,649
3/27/2019,ETHTUSD,133.33,139.5,133.3,139.14,2891.27567,396734.4381,949
3/26/2019,ETHTUSD,133.3,133.93,131.51,133.25,3577.68894,476344.8129,753
3/25/2019,ETHTUSD,135.4,136.1,131.21,133.22,2848.32136,382438.8979,938
3/24/2019,ETHTUSD,136.59,136.59,134.29,135.41,1994.13079,270373.5043,693
3/23/2019,ETHTUSD,135.56,137.84,135.33,136.42,1749.33686,239210.1301,558
3/22/2019,ETHTUSD,134.65,136.98,134,135.84,2673.38978,362428.0903,671
3/21/2019,ETHTUSD,138.75,139.08,132.05,134.56,9423.83851,1281834.114,2318
3/20/2019,ETHTUSD,137.79,139.13,135.48,138.77,3593.58745,494218.5239,961
3/19/2019,ETHTUSD,136.96,138.42,136.24,138,3115.12518,428324.9197,849
3/18/2019,ETHTUSD,137.79,140.63,135.75,137.23,3903.07949,537369.9272,826
3/17/2019,ETHTUSD,139.91,140.01,136.4,137.88,4485.31496,618669.7097,1140
3/16/2019,ETHTUSD,135.83,143.27,134.1,140.4,8508.01434,1190334.036,1355
3/15/2019,ETHTUSD,131.56,136.54,131.56,135.25,5058.86455,676203.4516,901
3/14/2019,ETHTUSD,131.01,134.3,129.06,131.39,7661.59755,1003522.448,1250
3/13/2019,ETHTUSD,132.17,132.43,129.99,131.04,1204.60849,158025.1666,352
